NOR,Bathroom,Size,Rent
2,2,1100,10000
2,1,800,20000
2,1,1000,17000
2,1,800,10000
2,1,850,7500
2,2,600,7000
2,2,700,10000
1,1,250,5000
2,2,800,26000
2,2,1000,10000
3,2,1200,25000
1,1,400,5000
1,1,250,6500
1,1,375,5500
3,2,900,8500
3,2,1286,40000
2,1,600,6000
2,1,800,10000
2,1,2000,11000
2,1,660,6000
2,1,650,7900
2,2,400,9000
1,1,300,4000
3,1,1600,6500
1,1,400,8000
2,1,1000,7000
1,1,355,5300
2,1,1000,6000
2,1,800,8500
2,2,850,12500
1,1,350,7500
2,2,900,15000
2,1,550,6000
2,2,500,5000
3,1,1100,22000
2,1,850,15000
2,1,800,12500
2,1,630,7000
2,2,900,21000
1,1,270,10000
2,1,630,7200
3,2,1500,12000
1,1,600,5000
2,1,700,8500
1,1,300,6000
2,2,1300,10000
2,1,400,4600
2,2,650,12000
3,2,2000,30000
3,2,1068,15000
1,1,150,7500
1,1,450,7500
2,1,800,5000
2,2,1000,15000
2,1,900,11000
1,1,600,7000
2,1,1200,6000
2,2,1200,6000
2,2,650,7000
2,2,720,8500
1,1,300,5000
3,3,1200,30000
2,2,700,10000
3,2,2000,30000
1,1,250,3500
2,1,1100,8000
1,1,300,5000
2,1,600,7500
2,1,800,6500
1,1,680,7500
1,1,680,7500
2,1,850,16000
2,1,850,16000
2,1,700,6500
3,2,1500,40000
2,2,950,12500
2,1,500,5500
1,1,450,5000
2,1,700,6500
1,1,500,8000
3,2,1800,14500
1,1,500,8200
2,2,480,15000
6,2,1000,20000
2,1,800,6700
1,1,435,10000
2,2,700,7000
2,1,800,22000
2,1,450,6500
2,1,550,8500
2,2,800,18000
2,2,550,12000
1,1,600,9000
1,1,500,6000
2,2,1000,20000
1,1,300,5000
2,2,1200,12000
2,1,500,10000
4,2,1200,18000
2,2,900,15000
3,3,1300,22000
4,3,1600,35000
3,2,1450,21000
2,2,1100,25000
2,2,950,180000
1,1,600,6000
2,2,700,14000
3,1,750,8000
2,1,1000,8000
1,1,220,6000
1,1,300,8000
1,1,300,6000
1,1,700,20000
3,2,800,12000
3,2,1600,15000
2,2,1000,14000
1,1,20,5000
2,1,400,7000
1,1,200,3900
3,2,840,14000
1,1,300,6300
2,2,550,13000
1,1,300,6800
2,2,800,8000
2,1,740,10000
2,2,1300,18000
2,1,650,8000
2,1,490,8000
1,1,250,4700
1,1,250,4700
1,1,450,4500
1,1,300,6000
2,2,750,16000
1,1,250,4700
2,1,751,14000
2,1,900,9000
2,1,400,5000
2,2,1000,17500
2,1,1000,8500
3,2,1500,15000
2,2,750,12500
1,1,1200,13000
2,1,700,8000
2,1,700,8000
2,1,1000,8000
2,2,1200,7000
2,1,550,2200
2,1,800,8000
2,1,280,5500
3,3,1100,20000
2,1,950,7000
1,1,250,3500
2,1,1000,5000
3,2,1000,20000
2,1,650,7000
2,2,700,10000
2,1,700,7000
3,2,1000,12000
2,2,900,14500
1,1,700,6000
2,2,700,9500
2,2,450,10000
1,1,120,3500
2,2,800,9000
3,2,1220,40000
3,1,1100,16500
3,2,700,8000
2,1,800,12000
2,1,670,6500
4,3,1300,40000
1,1,190,5000
2,1,700,9000
1,1,240,7000
2,1,850,18000
1,2,950,9000
1,1,450,5500
2,1,800,7500
2,1,600,4000
3,2,800,10500
3,2,1100,15000
2,1,800,15000
1,3,2200,50000
2,2,950,12000
2,1,550,11000
2,2,1800,12000
2,1,1000,8000
2,2,600,18000
2,2,750,8000
2,1,685,7000
1,1,44,6500
4,1,1200,13000
2,1,500,9000
4,2,1110,10000
2,2,1000,12000
2,1,392,5000
2,1,700,6000
1,1,750,5200
3,2,1500,15000
2,2,900,9000
1,1,710,24000
1,1,400,5500
1,1,700,10000
2,1,1000,15000
1,1,250,4700
1,1,500,5000
2,1,450,5000
3,1,1400,15000
1,1,500,5000
2,1,700,6000
3,1,1200,18000
2,1,450,8000
1,1,500,13000
2,1,400,7500
3,2,1000,12000
2,1,750,11000
1,1,450,6000
3,2,1000,20000
2,2,500,7000
4,2,1600,30000
2,1,550,7500
1,2,550,6500
1,1,200,3000
2,1,650,5200
2,2,1000,25000
2,2,680,12500
2,2,720,8500
2,1,500,3500
2,1,800,7000
1,1,160,3000
2,2,1200,14000
1,1,700,18000
1,1,1000,3500
2,2,1250,16000
4,3,1600,35000
2,1,700,21000
1,1,450,4500
2,2,839,15000
1,1,230,4500
1,1,1800,5500
2,2,800,8500
1,1,500,5000
2,1,620,8500
2,1,650,9000
1,1,550,7500
2,2,450,7000
3,2,1350,15000
2,2,600,7000
3,1,1200,10000
2,1,700,7000
3,2,800,3200
2,1,600,6000
2,2,900,12000
2,1,750,6000
3,2,1250,10000
3,3,1000,12000
2,1,600,8000
2,1,650,5300
2,1,450,5000
3,2,800,8500
3,2,1000,22000
2,1,1000,7000
3,3,1400,25000
2,1,600,7000
2,1,723,15000
1,1,320,6000
2,1,900,8000
3,2,1400,40000
1,1,2160,6000
2,1,650,15000
2,1,800,6500
3,1,800,8000
1,1,500,5500
3,2,1700,9000
1,1,130,6000
1,1,505,15000
4,3,4000,30000
3,2,1250,30000
1,1,700,5000
2,1,900,15000
1,1,650,6500
2,1,750,4500
2,1,450,7000
1,1,350,6500
1,2,480,17500
2,1,900,10000
1,1,200,1500
3,3,1100,25000
2,1,800,12000
3,2,1000,7500
1,1,800,7000
1,1,200,3500
3,2,1190,10000
2,2,900,14000
2,2,1500,15000
2,1,600,6500
3,1,800,10000
2,2,800,10500
3,2,900,10000
1,1,350,5000
2,1,800,9000
2,2,1600,20000
3,2,1012,35000
3,2,1200,15000
2,1,700,20000
2,1,1000,12000
2,1,800,8000
1,1,500,3000
3,2,1200,20000
1,1,450,9000
3,2,950,13000
1,1,350,7000
1,1,450,9000
1,1,550,9000
2,1,300,10000
3,2,1250,15000
2,1,700,7000
3,2,812,8000
2,1,550,8000
1,1,500,5000
1,1,320,14000
2,1,600,5000
2,1,420,5000
3,1,1100,12000
1,1,220,3200
2,2,700,8500
3,2,1200,16000
2,2,800,14000
1,1,300,8000
2,1,650,7000
1,1,600,8000
1,1,350,3000
1,1,500,3800
1,1,400,6500
3,3,1750,20000
3,2,1600,30000
1,1,300,8000
2,2,1100,14000
2,1,830,7200
2,2,600,7000
1,2,500,7000
2,1,900,7500
2,2,1250,8500
2,1,700,12000
1,2,850,8500
2,1,550,9500
2,2,550,7500
2,1,1200,12000
3,2,1100,20000
2,1,650,8500
3,2,1050,20000
2,2,960,6000
2,2,650,5500
1,1,550,7000
2,2,500,7000
1,1,450,6500
2,2,850,10000
1,1,300,5200
2,3,1000,13000
2,1,500,7000
2,1,756,12000
1,1,1000,15000
1,1,150,5000
1,1,800,8000
2,2,700,8000
1,1,420,5000
2,1,800,10000
2,1,288,12000
2,2,900,8000
2,2,850,21000
1,1,350,5000
2,1,600,9000
2,1,1600,8000
2,1,986,7000
3,2,1330,35000
3,2,1300,15000
2,1,800,6200
2,1,800,9900
2,1,850,7000
1,1,322,5000
2,1,800,6500
4,2,1500,40000
3,2,3500,40000
2,2,957,12000
1,1,850,6500
2,2,900,10000
2,1,600,15000
1,1,350,5000
2,1,800,7000
2,1,320,6000
3,1,800,15000
2,2,700,10000
2,2,1200,22000
2,1,750,8500
3,3,1200,35000
2,1,450,7000
3,1,1430,8500
2,1,450,6000
4,3,800,35000
1,1,400,6000
2,1,650,8000
1,1,450,5000
2,1,600,6000
3,2,1200,15000
2,1,700,9000
1,1,300,5000
3,3,1200,8000
3,2,1300,35000
1,1,400,5500
3,2,1320,35000
2,2,1000,11000
2,1,700,10000
2,2,800,6500
2,1,900,6000
3,2,1700,36125
2,1,600,6800
2,2,850,8500
2,1,550,5000
1,1,650,6500
1,1,800,6500
2,1,475,4500
1,1,200,6000
1,1,400,10000
1,1,500,12000
2,1,550,12000
2,1,800,12000
2,2,1000,9000
1,1,400,5000
1,1,300,6000
2,1,450,5500
2,1,450,5500
2,2,1100,8500
1,1,450,5000
2,2,1100,23000
2,1,650,5500
2,1,780,8500
3,2,1100,22000
1,1,800,5500
1,2,500,7000
1,1,400,5000
1,1,450,5000
2,1,550,6500
2,1,600,8000
1,1,200,5500
2,1,500,6000
1,1,450,5500
2,2,1050,10000
3,2,1000,10000
2,2,1200,10000
3,2,1100,12000
1,1,220,5200
1,1,350,4000
3,1,1100,30000
2,1,800,5146
2,1,950,12000
3,1,1200,7000
2,1,700,8500
1,1,500,7000
2,1,570,9500
2,1,650,8000
3,3,1200,15000
5,2,960,22500
2,2,1250,12500
3,2,120,34000
3,2,950,14000
1,1,600,9500
2,1,750,7000
3,2,1200,20000
1,1,400,6500
1,1,600,7500
2,1,700,6500
2,1,850,9500
1,1,500,1800
2,1,650,7500
2,2,800,10000
3,2,830,15000
2,1,600,7000
2,1,800,6000
2,2,1200,14000
2,2,1000,22000
2,2,750,18000
2,2,800,10000
2,2,1200,6000
2,1,750,10000
3,2,1500,10000
1,1,300,5000
3,1,800,10000
2,2,450,7000
4,2,1200,10000
2,2,500,6000
2,2,900,18000
2,1,460,8000
2,1,530,8000
2,2,650,13000
2,2,700,20000
2,1,400,6000
2,2,1000,12000
1,1,400,10000
2,2,700,14000
2,2,850,10000
2,2,558,10500
2,1,800,6000
2,2,900,12000
3,2,1600,14000
1,1,150,3700
3,2,1600,40000
3,1,1000,25000
1,1,700,2200
1,1,175,3300
1,1,450,5000
3,3,1700,60000
2,1,425,6000
3,3,900,7000
1,1,400,5000
2,1,600,11000
2,2,721,10000
3,2,1150,22000
3,3,2210,65000
2,1,675,7500
2,2,1320,45000
1,1,250,5000
2,2,720,12000
5,2,1880,25000
3,3,850,18000
2,2,1050,25000
1,1,320,25000
2,2,750,70000
1,1,450,45000
3,3,1100,75000
1,1,640,14000
1,1,650,60000
2,2,800,160000
4,5,1600,300000
1,1,460,22000
4,4,1650,130000
1,2,480,33000
1,2,500,32000
1,2,490,30000
1,1,620,49000
2,2,518,28000
2,2,700,33500
2,2,777,85000
2,2,650,35000
3,4,1800,270000
5,5,2308,400000
1,2,425,21000
2,2,890,150000
1,1,270,22000
2,2,850,100000
2,2,888,60000
2,2,650,8000
1,1,275,20000
2,2,700,20000
1,1,375,25000
1,1,424,14000
1,2,400,19411
1,1,450,23000
4,5,2079,190000
2,1,586,32000
2,2,610,68000
1,2,488,30000
3,3,1200,110000
2,2,722,44000
1,1,450,20000
1,2,500,25000
2,2,680,40000
2,2,1150,43000
2,2,830,44000
1,1,550,75000
1,2,470,32000
1,2,410,16000
2,2,710,65000
2,2,750,45000
2,2,800,57000
1,2,435,27000
1,1,500,57000
2,2,800,55000
1,2,540,40000
2,2,1050,95000
2,2,700,85000
4,4,1600,300000
2,1,600,80000
1,2,300,13000
1,2,550,28000
3,3,932,89000
1,2,450,28000
2,2,600,13000
1,2,424,24000
2,2,560,38000
1,2,450,32000
4,5,3000,350000
1,2,600,40000
3,3,1400,150000
2,2,630,45000
3,3,1400,170000
1,1,320,30000
2,2,1000,210000
3,3,1150,75000
2,2,751,47000
2,2,570,14000
2,2,696,55000
4,4,1600,120000
3,3,2500,300000
3,3,1150,70000
3,4,1500,150000
3,3,950,62000
2,2,750,42000
2,2,715,130000
3,3,1337,170000
3,3,737,20000
2,2,750,41000
2,2,760,65000
2,2,750,50000
2,2,650,85000
2,2,1000,50000
1,1,570,30000
2,2,900,120000
2,2,760,60000
3,4,1500,110000
3,3,1150,84500
3,3,1100,80000
3,3,1000,50000
2,2,720,40000
1,1,365,34000
4,4,2000,220000
1,1,400,25000
3,4,1330,150000
3,3,850,85000
4,5,2000,180000
2,2,700,40000
2,2,900,50000
2,2,650,38000
4,4,2600,310000
2,2,680,50000
3,3,950,65000
4,3,1783,210000
3,3,1330,150000
1,2,565,32000
1,1,450,26000
2,2,710,60000
3,4,1514,190000
3,3,1080,100000
2,2,700,35000
3,2,890,68000
3,3,1250,150000
1,1,300,18000
2,2,720,55000
3,3,825,65000
2,2,500,80000
2,2,750,53000
2,2,750,80000
1,1,360,18000
4,5,1545,250000
1,1,400,17500
3,2,750,43000
1,2,432,13500
2,2,780,18000
2,1,695,75000
1,1,375,18000
3,3,1095,160000
1,2,475,32000
2,2,790,55000
2,2,661,47000
2,2,700,35000
1,1,420,15000
2,2,750,50000
2,3,950,25500
5,5,1880,350000
3,3,1350,55000
1,1,330,25000
2,2,750,50000
2,3,925,65000
3,3,1150,50000
3,3,1105,65000
3,3,1050,160000
1,1,410,25000
1,2,460,32000
1,1,600,21000
1,2,570,20000
2,2,720,55000
1,2,500,32000
4,4,1460,150000
1,2,415,30000
3,3,1400,150000
1,1,270,27000
2,2,585,47000
4,4,1755,150000
1,2,550,27000
3,4,1300,160000
2,2,1200,100000
2,2,600,45002
2,2,700,48000
1,1,385,18000
1,1,500,7500
2,2,850,50000
3,2,900,55000
1,1,400,26000
2,2,600,17000
2,2,750,40000
2,2,628,43000
3,4,1330,140000
3,3,1064,140000
3,3,1200,120000
4,4,2200,400000
2,2,630,21000
2,2,650,40000
2,2,845,40000
3,3,1915,230000
2,2,900,20000
2,2,807,60000
2,2,1100,35000
3,5,1600,300000
2,2,790,6500
1,1,380,15000
2,2,650,38000
2,2,800,35000
2,2,830,32000
1,1,410,16000
1,2,428,33000
1,1,550,8500
2,2,630,60000
1,2,550,20000
1,2,450,38000
2,2,750,100000
2,2,800,65000
3,3,1050,80000
2,2,850,85000
4,4,2500,600000
3,3,2000,150000
3,4,1330,130000
3,3,950,55000
1,2,435,23000
3,4,1300,95000
2,2,650,40000
3,3,1550,180000
1,1,380,25000
4,4,1454,140000
2,2,860,55000
2,2,680,46000
1,2,433,22000
2,2,710,55100
2,2,700,65000
1,1,550,33000
4,5,2700,320000
1,1,350,33000
1,1,490,25000
3,3,1225,300000
3,5,1286,100000
1,2,425,33000
2,2,550,35000
3,3,1224,130000
3,3,950,80000
1,2,425,10000
3,3,1000,92500
2,2,710,57000
3,3,1300,170000
1,2,433,29999
2,2,650,42000
3,4,1650,330000
2,1,600,24000
2,2,850,35000
1,1,305,14000
2,2,490,45000
2,2,690,36000
2,2,635,53500
3,2,1100,80000
1,1,250,7500
3,3,1200,140000
2,2,750,95000
3,3,1100,130000
2,2,700,45000
2,2,1150,110000
3,3,1379,120000
1,1,500,60000
3,3,1400,120000
1,1,390,40000
2,2,935,50000
2,2,535,36000
3,3,1250,150000
4,4,3700,230000
1,2,350,25000
3,4,1350,190000
3,3,1550,61000
3,3,1100,70000
3,3,950,42000
1,1,400,27000
2,2,700,60000
3,2,850,85000
2,2,900,75000
3,3,1208,200000
3,3,1150,170000
3,4,1600,180000
2,2,700,55000
5,5,3200,600000
1,1,330,18000
1,1,225,19000
3,3,1050,150000
1,1,225,18500
1,2,463,35000
4,3,1900,200000
2,4,1500,150000
2,2,1000,70000
1,2,450,35000
2,2,700,45000
1,1,355,30000
3,3,1325,50000
2,2,950,50000
1,1,600,42000
2,2,905,19500
3,3,1500,90000
1,1,455,60000
2,2,850,55000
3,2,1100,40000
1,2,430,40000
2,2,650,36000
2,2,795,45000
2,2,800,100000
1,1,700,42000
1,2,450,45000
2,2,575,40000
2,3,650,50000
1,1,200,11000
2,2,1200,50000
1,2,656,34000
3,3,1600,93000
3,3,950,69999
2,2,719,48000
3,3,1100,55000
4,4,3064,1000000
2,2,650,40000
3,5,1450,130000
2,2,720,75000
2,2,670,23000
3,3,1350,200000
3,2,925,55000
4,4,1450,80000
3,3,1550,220000
1,2,420,40000
2,2,650,35000
2,2,700,33003
5,5,3400,450000
2,2,935,65000
2,2,980,45000
4,4,2800,280000
2,3,700,55000
2,2,720,56000
2,2,750,55000
2,2,700,28000
2,3,1000,150000
5,5,3000,300000
1,1,413,50000
4,4,1755,180000
3,4,1850,190000
2,2,890,8000
3,3,1200,75000
3,3,1100,83000
1,2,420,32000
2,2,630,39000
4,3,1705,150000
3,3,1300,190000
3,3,1355,160000
1,2,450,25000
3,3,1350,90000
2,2,825,95000
1,1,550,30000
1,1,430,18500
1,1,320,18000
3,3,1100,75000
4,4,1460,150000
3,3,1250,100000
2,3,1000,170000
2,2,710,45000
3,3,1350,200000
2,1,400,20000
3,4,1000,85000
3,3,1500,130000
1,1,500,40000
4,4,2000,250000
1,1,225,15000
2,2,650,40000
2,2,670,48000
2,1,610,15000
1,2,400,28000
1,1,340,25000
2,2,471,34000
1,2,550,75000
2,1,630,45000
1,2,500,35000
1,1,400,32000
2,2,1000,17000
4,4,1528,230000
2,2,650,35000
1,1,500,8500
3,2,850,80000
1,1,550,55000
1,2,430,25000
3,3,1030,40000
1,1,250,15500
1,2,500,45000
4,4,1750,180000
2,2,985,51000
3,3,1050,60000
2,2,700,36000
3,3,1200,180000
3,3,1000,75000
2,2,550,8000
3,2,806,50000
3,3,1400,100000
1,2,470,16500
1,1,475,4500
2,2,583,34000
2,2,475,32000
2,2,900,50000
1,1,500,24000
2,3,806,62000
1,1,400,100000
1,2,650,21000
1,2,550,27000
1,1,390,10000
2,2,994,90000
1,2,520,8000
1,1,575,75000
3,3,2750,230000
1,2,470,15000
4,4,2500,260000
3,3,1100,62000
1,2,480,43500
2,2,750,62000
4,5,2424,400000
2,2,724,77500
1,1,600,30000
3,2,1076,110000
1,2,800,20000
3,3,1300,150000
1,2,500,55000
2,2,700,70000
2,2,700,65000
3,4,2170,310000
1,2,225,18000
1,2,485,48000
1,1,225,10000
1,2,478,32000
3,3,1200,32000
2,2,620,36000
1,1,280,22000
1,1,385,5500
3,2,704,15000
2,2,710,40000
1,1,525,28000
1,1,390,11000
2,2,755,40000
2,2,700,45000
2,3,1000,180000
3,3,2000,160000
2,2,650,36000
1,1,470,59000
1,2,450,40000
2,2,625,40000
2,2,700,72000
2,2,600,40000
2,1,600,16000
2,4,1100,50000
1,1,370,24000
2,2,950,65000
2,2,825,33000
2,2,650,27000
2,2,750,52000
3,3,900,95000
2,3,805,68000
2,2,742,48000
2,2,550,32000
2,2,745,42000
2,2,800,60000
3,3,1265,51500
3,3,1800,130000
1,1,325,25000
2,2,902,85000
3,4,1233,98000
2,2,750,100000
2,2,600,65000
1,1,500,23000
2,2,600,40000
3,3,950,45000
1,4,680,40000
1,1,400,23500
4,5,2120,250000
3,4,1350,110000
3,3,1600,150000
1,1,430,22000
4,5,1937,150000
2,3,700,75000
2,2,780,41000
4,4,1300,150000
3,3,1350,150000
2,2,750,53000
4,3,1400,140000
4,5,2000,200000
2,2,850,65000
1,1,500,48000
2,2,900,75000
2,2,750,39000
3,2,1100,70000
4,4,5000,1200000
1,1,596,25000
2,2,680,45000
4,4,1950,190000
3,3,1350,140000
1,1,510,35000
1,1,500,60000
1,1,375,15000
1,1,500,39000
3,3,1500,190000
3,3,1000,84000
3,3,1260,68000
1,2,475,26000
2,2,620,42000
1,1,490,35000
2,2,710,44000
2,2,720,60000
2,2,770,45000
3,3,1600,250000
1,1,500,65000
1,1,350,20000
2,2,1000,75000
5,5,3900,500000
3,3,1000,140000
2,2,660,45000
1,1,600,9400
2,2,900,100000
2,2,750,65000
2,2,1000,230000
3,3,1500,180000
2,3,1200,180000
3,3,1200,120000
1,1,280,20000
2,2,1000,130000
3,4,1800,400000
2,2,694,75000
5,5,3250,350000
3,4,1740,100000
2,2,750,55000
3,3,1000,70000
1,1,500,30000
4,5,2000,330000
1,2,550,75000
1,1,270,14000
3,3,960,130000
3,2,1200,40000
2,2,710,46000
1,2,472,27000
2,2,1000,95000
2,2,800,94000
2,2,650,40000
3,3,1300,150000
2,2,600,30000
2,2,750,95000
2,2,890,130000
1,1,421,14000
3,3,1300,100000
1,1,350,35000
2,2,800,57000
2,2,650,45000
1,2,650,11000
2,2,650,50000
2,2,680,35000
2,2,800,100000
3,3,1250,130000
1,1,475,52000
2,2,600,28000
1,1,450,18000
1,1,400,30000
3,3,985,45000
3,3,1450,130000
2,2,650,58000
2,3,805,65000
1,1,650,24000
1,1,515,54500
3,2,1000,70000
3,3,1050,67000
2,2,777,75000
2,2,831,45000
3,4,1233,98000
1,1,250,16000
2,2,900,95000
2,2,753,40000
3,3,1800,300000
2,2,670,80000
4,4,2800,380000
3,3,1197,160000
2,2,880,44000
2,2,1000,200000
2,2,935,65000
2,2,751,50000
1,1,200,6000
4,6,2500,280000
1,1,500,46000
1,1,430,35000
3,3,1088,75000
1,1,330,20000
1,1,400,25000
3,3,1200,110000
2,2,700,29500
3,2,1000,53000
2,2,750,85000
1,2,450,26000
1,2,640,33000
3,3,1190,180000
3,3,850,70000
1,1,330,17000
2,2,685,37000
1,2,400,27000
1,2,500,35500
1,1,550,24000
4,4,2500,250000
3,3,1100,180000
2,2,650,18500
3,3,1400,200000
2,2,1050,70000
3,3,850,55000
1,1,550,24000
2,2,750,55000
3,3,1350,150000
2,2,800,50000
4,3,2650,300000
3,2,975,90100
3,4,1325,57000
2,2,700,40000
2,2,700,80000
2,2,850,95000
1,1,305,14000
2,2,850,50000
2,2,724,43000
2,2,650,55000
2,2,650,35000
2,2,700,33000
2,2,785,47000
3,3,1250,75000
4,3,1016,45000
1,2,380,36000
1,1,475,40000
1,2,444,40000
2,2,640,32000
1,1,320,17000
3,4,1100,77000
4,3,1500,290000
2,2,650,35000
1,2,508,40000
4,4,2500,250000
2,2,720,47000
2,2,750,50000
1,1,430,32000
2,2,623,8000
3,4,1358,240000
3,3,1000,85000
3,3,1100,65000
3,3,1255,75000
1,2,450,26500
2,2,650,45000
2,2,955,95000
2,2,700,38000
3,4,1915,260000
4,6,2308,300000
3,3,1250,180000
2,2,625,40000
4,4,2200,300000
2,2,870,85000
3,3,1300,110000
2,2,750,40000
2,2,750,45000
2,2,550,52000
4,4,1250,90000
3,3,1400,140000
3,4,1330,150000
3,3,1000,65000
2,2,770,50000
2,2,800,54000
4,6,1691,180000
1,2,550,60000
2,2,800,65000
2,2,615,35000
2,2,663,43000
1,1,400,20000
2,2,625,57000
4,3,1432,130000
1,1,425,25000
2,2,649,56000
2,2,905,55000
2,2,882,18000
3,3,1200,100000
2,2,736,76000
3,3,1710,270000
1,1,225,45000
2,2,720,39000
1,1,555,12500
1,1,415,35000
2,2,649,55000
3,2,1000,90000
2,2,1300,250000
2,2,1065,25000
2,2,854,90000
3,3,1200,120000
1,1,500,55000
3,3,906,70000
3,4,1800,300000
2,1,500,25000
1,1,450,35000
3,3,1130,120000
1,2,495,27000
1,2,407,25000
3,3,1092,150000
2,2,610,32000
1,2,500,40000
2,2,750,52000
2,2,750,80000
2,2,850,55000
1,1,350,30000
1,1,300,20000
1,2,695,85000
1,2,415,40000
1,2,450,21000
3,3,850,43000
2,3,805,58000
2,2,700,130000
3,4,1800,260000
2,2,669,46000
1,1,325,6500
1,1,600,21000
2,2,725,46000
2,2,750,60000
3,3,1050,65000
2,2,600,15000
2,2,1000,130000
3,3,1110,90000
2,2,650,62000
3,3,1100,160000
3,3,1100,80000
3,3,1110,80000
3,2,999,55000
3,3,1000,100000
4,5,2200,200000
3,3,1256,100000
2,2,750,79500
3,2,889,84500
2,2,750,100000
1,1,385,13000
4,4,1454,100000
1,2,480,35000
2,2,660,72000
3,3,1600,180000
1,2,434,26000
3,3,1121,72000
1,2,620,8000
3,2,937,130000
1,2,470,52000
1,1,410,13000
3,3,850,45000
3,4,1500,180000
2,2,888,63000
1,2,380,7500
1,1,360,30000
1,2,565,28500
3,4,2000,100000
4,4,1358,270000
2,2,661,38000
1,2,450,26000
3,3,1300,70000
2,2,600,41000
2,3,900,27000
1,1,379,53000
2,3,805,65000
1,2,650,85000
1,2,500,6000
1,2,480,43000
2,2,550,65000
3,3,1600,280000
3,2,1400,98000
3,2,1500,330000
3,3,1050,65000
3,3,920,85000
1,1,450,40000
1,1,440,23000
3,3,932,55000
1,2,270,15000
1,2,379,52000
2,2,582,13000
2,2,800,95000
1,2,444,25000
1,1,428,21000
5,4,1880,360000
2,2,888,60000
1,1,490,19000
3,4,937,140000
2,2,710,30000
4,5,1617,130000
2,2,836,80000
2,3,1200,85000
2,2,950,65000
1,2,460,33000
1,2,585,36000
2,2,550,22000
1,1,375,17000
2,2,700,55000
2,2,750,66000
4,4,2000,140000
4,5,2046,260000
2,2,750,32000
2,2,730,45000
2,2,750,50000
1,1,229,18500
2,2,910,51000
4,5,1648,140000
3,3,1100,80000
1,2,560,30000
2,2,850,85000
1,1,450,15000
2,2,820,50000
2,2,750,60000
1,1,410,23000
1,2,490,14500
2,2,700,40000
5,5,3000,650000
1,1,560,80000
2,2,650,55000
1,1,520,12000
2,2,850,45000
2,2,777,90000
2,2,771,43000
1,1,400,22000
2,2,600,20000
1,2,390,26000
4,4,3200,850000
1,2,450,34999
1,2,500,35000
1,1,410,50000
1,1,160,16000
2,2,750,55000
1,2,585,39000
3,3,1300,100000
1,1,350,25000
1,2,490,25000
2,2,650,49500
1,1,225,21000
2,2,850,110000
1,1,385,21000
2,2,800,46700
4,4,2500,400000
4,5,1526,280000
1,1,300,18000
3,3,1800,80000
2,2,800,88000
3,2,890,90000
2,2,700,38000
1,1,465,20000
2,2,900,140000
3,3,1073,78000
1,1,450,21000
3,3,1350,95000
2,2,800,90000
2,2,600,34000
2,2,650,55000
2,2,550,52000
1,2,840,74999
3,2,1121,75000
2,2,650,45000
1,1,575,22000
1,1,475,32000
2,2,830,34000
3,3,1337,170000
1,2,420,23000
1,1,310,20000
3,4,1800,350000
3,3,967,90000
1,1,505,55000
1,1,275,15000
2,2,640,22000
3,3,1500,60000
2,2,850,49000
2,2,900,34000
1,2,430,24000
4,3,1649,270000
3,3,1100,69000
3,3,1200,120000
2,2,680,32000
2,2,600,24000
4,4,1560,100000
5,5,4500,600000
2,2,771,45000
2,2,800,80000
2,2,800,37000
3,4,1425,210000
4,4,1750,190000
1,2,475,25000
4,5,2000,210000
3,3,1375,200000
5,5,2800,310000
1,1,650,26000
2,2,600,27000
1,1,649,26000
2,2,950,60000
1,1,225,12000
2,2,1000,180000
1,1,330,30000
3,3,1200,100000
3,3,1270,140000
3,3,920,70000
2,2,630,20000
2,2,670,22000
1,1,450,32000
1,1,265,20000
2,2,600,50000
2,2,670,29000
2,2,650,45000
1,2,422,6500
2,2,955,55000
3,3,1100,69999
1,1,300,18500
2,2,900,50000
2,2,785,45000
3,3,1350,85000
2,2,900,85000
1,1,400,25000
2,3,800,75000
2,2,895,190000
1,1,625,20000
2,2,720,30000
2,2,750,75000
3,2,1663,350000
2,2,660,70000
2,2,700,32000
1,2,377,22000
2,2,650,35000
2,2,650,47000
4,5,2080,400000
2,2,700,31000
1,1,430,60000
2,2,650,58000
3,2,890,85000
2,2,965,45000
1,2,630,7500
4,4,2100,250000
3,3,1100,150000
2,2,730,80000
3,3,1380,75000
3,3,1100,66000
1,1,450,45000
1,1,500,22000
3,3,1100,65000
3,3,868,55000
2,2,750,55000
1,2,540,36000
4,5,2100,230000
1,2,450,22000
3,4,1600,170000
1,2,560,34000
1,1,500,45000
1,1,305,14000
3,2,970,75000
1,1,480,7000
2,2,720,55000
2,2,950,55000
4,4,3200,700000
3,3,1450,140000
2,2,774,42000
1,1,450,27000
3,3,1000,60000
1,1,340,17000
1,2,430,30000
2,2,722,45000
3,2,1152,90000
1,1,641,25000
2,2,810,70000
2,2,800,90000
2,2,875,110000
2,2,700,20000
1,1,420,35000
3,3,1400,80000
2,2,758,54500
4,5,2880,350000
1,2,480,45000
1,2,550,38000
2,2,900,90000
1,1,400,22000
2,2,760,70000
4,5,2800,380000
1,1,400,50000
4,5,1962,680000
3,3,1100,140000
2,2,800,40000
2,2,590,32000
2,2,600,78000
4,6,2500,280000
2,2,670,45000
2,2,960,65000
2,3,1500,65000
1,1,500,35000
3,2,1120,90000
4,5,2729,250000
3,3,3354,70000
2,2,800,10500
2,2,1000,13000
2,2,1040,17000
3,3,1403,21000
2,1,600,10000
4,3,2608,61500
2,2,850,13000
1,1,400,7500
2,2,1000,17000
3,3,1350,25000
2,2,800,10500
1,1,350,8000
1,1,900,9500
3,3,2000,50000
2,2,700,13000
1,1,600,13500
2,1,700,13000
1,1,600,15000
2,3,1400,15000
1,1,600,7000
2,2,770,25000
2,2,900,17000
1,1,500,7500
2,2,1100,15000
1,1,500,7500
3,3,1260,25000
3,3,1750,54000
1,1,600,14500
1,1,450,4500
2,1,800,10500
1,1,400,5500
2,2,600,16000
1,1,400,7000
2,2,900,12500
2,1,1200,10000
2,2,1045,18000
3,3,1021,28000
3,2,1200,12000
2,1,1000,13000
2,2,1280,50000
1,1,450,7000
2,2,450,30000
1,2,600,10000
2,2,800,15000
1,1,500,7500
3,3,1680,45000
3,3,2000,65000
1,1,500,12000
1,1,500,7000
1,1,800,9000
2,2,1100,23000
2,2,1200,30000
1,1,500,8000
2,2,1155,16000
1,1,440,7500
2,2,1040,20000
4,4,2900,110000
3,2,1200,30000
3,3,1600,20000
4,4,3150,84000
2,2,1000,17000
2,2,1200,15000
1,1,400,6000
2,3,950,16000
2,1,530,9500
1,1,300,8000
2,2,1000,15000
1,1,450,12000
1,1,600,10000
2,2,1100,16000
1,1,400,11000
2,2,700,11000
2,2,1105,20000
3,2,1430,24000
2,2,850,14500
1,1,650,4000
2,2,1200,12000
2,2,600,8500
1,1,400,9000
4,4,2800,180000
2,2,1100,10500
2,2,900,12000
3,2,1300,32000
2,3,1000,15000
3,3,1000,21000
2,2,900,12000
1,1,800,7000
2,2,750,15000
2,2,1100,11400
2,2,1200,15000
2,2,1000,19000
2,2,1000,27000
3,3,2000,48000
1,1,550,7000
2,2,1130,15000
2,2,600,10000
1,1,100,7000
2,1,500,9000
1,1,600,8000
2,2,1200,35000
2,2,850,16000
1,1,600,4500
2,1,600,16000
2,1,700,10000
1,1,400,8000
1,1,400,6000
2,2,1000,13000
2,2,1200,10000
3,3,1603,55000
3,3,1200,15000
1,1,420,12000
2,2,1200,9000
3,3,1771,36000
3,3,1200,37000
2,1,700,6000
1,1,610,17000
1,1,800,8000
1,1,550,7500
2,1,750,9500
2,2,700,13500
1,1,600,9000
1,1,360,7000
2,2,800,12000
4,5,3700,100000
2,2,1200,12000
1,1,480,8500
2,2,1000,18000
1,1,800,11000
3,2,900,18000
3,3,1450,17000
1,1,400,6500
2,2,700,11500
2,2,1000,22000
1,1,450,13000
3,2,773,20000
2,2,1200,10000
2,2,1000,15000
1,1,150,8000
2,2,865,12000
1,1,600,20000
2,1,800,20000
1,1,200,8000
1,2,600,11000
3,2,1840,40000
2,2,800,10000
3,2,1600,30000
2,1,600,8000
2,2,1100,15000
2,2,950,12000
2,2,905,12000
3,2,1200,20000
3,1,1000,13000
2,2,1080,17500
1,1,600,8000
2,2,1000,8500
1,1,600,7500
2,2,1100,22000
1,1,300,6000
2,1,1200,32900
2,1,800,15000
2,1,535,10000
2,2,800,10000
3,2,1159,21000
4,5,2650,63000
1,1,50,6900
2,1,700,14000
1,1,550,14500
1,1,700,6500
2,2,600,13000
2,1,600,8000
2,1,1000,18000
2,3,1100,20000
1,1,750,14000
4,4,2900,50000
2,2,990,14500
2,2,1300,15000
1,1,550,11500
3,2,1360,15000
2,2,600,12000
2,2,1200,18000
2,2,1050,15000
2,2,840,12000
2,2,1050,25000
3,4,3250,150000
1,1,500,10000
2,1,900,8000
2,2,1300,40000
2,1,600,12000
2,1,900,16000
2,2,1100,23000
2,2,1100,25000
1,1,600,7000
2,2,1250,17500
1,1,415,10000
3,3,1200,39000
3,2,1200,22000
2,2,1000,18000
2,2,1300,23000
2,2,1150,20000
1,1,450,10000
1,1,600,15000
2,2,1000,17000
3,3,1900,56000
3,3,1700,43000
2,2,1100,25000
1,1,500,9000
3,3,1757,31000
1,1,300,6000
1,1,500,5000
2,2,1200,16000
1,1,800,20000
3,3,1281,28000
2,2,1450,18000
1,1,600,12000
2,2,980,20000
3,3,1500,25000
3,3,1800,35000
1,1,400,7000
1,1,600,7500
2,2,1100,14000
2,2,1100,20000
4,5,3500,380000
2,2,1100,21000
2,2,700,15000
1,1,600,5500
2,2,700,10000
1,1,250,7000
2,1,1200,11500
3,3,1450,22000
2,2,1221,19000
2,2,1250,15000
2,1,700,10500
2,2,700,12000
1,1,200,7000
2,2,1200,15000
2,2,600,23000
1,1,600,6500
3,3,1800,29000
2,2,900,12000
2,2,1000,10000
2,2,500,12500
3,3,1800,32000
1,1,416,8000
2,1,600,10500
1,1,400,6000
3,2,1200,16000
3,3,1600,45000
1,1,500,6000
1,1,500,5000
3,3,1800,14000
2,2,900,20000
1,1,550,11000
1,1,600,5500
3,3,1800,55000
2,1,976,15000
1,1,350,8500
2,2,1100,15000
2,1,500,12000
1,1,600,7500
2,2,1100,16000
2,2,1150,20000
2,2,850,14500
1,1,600,6000
2,2,900,14000
1,1,300,7000
2,2,1130,27500
2,2,1200,18000
2,2,1000,10000
3,3,1700,31000
2,2,1100,15000
1,1,300,11000
1,1,600,4500
1,2,1000,10000
2,2,1200,10000
1,1,500,9000
2,2,1050,16000
1,1,350,5000
2,2,1000,10000
1,1,600,15000
1,1,150,3500
2,2,1400,16000
2,3,1387,17000
3,2,1350,30000
2,2,1020,12000
1,1,600,9000
1,1,400,6000
1,1,550,20000
3,2,1400,30000
2,2,1050,20000
2,2,800,15000
2,2,1100,20000
3,2,1500,25000
1,1,800,9000
2,1,800,17000
2,2,1200,16500
1,1,450,7000
3,2,1425,30000
2,2,720,8500
1,1,700,8000
2,2,1100,20000
3,3,1645,30000
3,3,3276,120000
1,1,500,7000
2,2,600,10000
1,1,600,5000
3,4,1893,30000
1,1,450,6500
1,1,650,10000
1,1,400,18000
2,2,1296,30000
2,2,1000,20000
1,1,600,16500
1,1,600,15000
4,4,4800,130000
2,1,1000,15000
1,1,800,70000
1,1,455,22000
2,2,575,9750
2,2,1066,23000
2,1,850,12000
3,3,1550,60000
2,2,1000,11000
2,1,800,12000
1,1,450,11000
2,2,1350,19000
2,2,1350,10000
1,1,600,7500
3,3,2150,55000
2,2,1080,11000
3,3,1450,50000
2,2,700,13500
2,2,1200,16500
3,3,2110,120000
1,1,500,7000
2,1,850,10000
1,1,400,7000
1,1,800,18000
1,1,600,11000
1,1,450,9000
3,3,2080,60000
3,3,2500,3500000
2,1,650,12500
2,2,1100,16000
2,2,1025,30000
2,2,1100,17000
1,1,350,8000
2,2,1050,16500
2,1,600,13000
2,2,800,12000
2,2,700,17000
3,2,750,15000
3,3,1600,35000
2,2,1180,13000
2,2,1400,12000
1,1,750,10000
2,1,580,9000
1,1,350,6000
2,2,1100,8900
3,3,1900,40000
2,2,1105,24000
2,2,1080,18500
2,2,1281,16000
1,1,600,8000
2,2,850,15000
2,2,1200,27000
2,2,900,17000
3,3,1250,50000
2,2,800,14000
1,1,500,5000
2,2,600,8000
3,2,904,20000
2,2,750,15000
3,2,1252,20000
2,2,1200,11000
2,2,440,8500
3,3,1600,22500
2,2,1200,15000
2,2,950,11000
2,2,800,11000
2,1,1000,9000
3,3,2770,120000
2,1,800,15000
1,1,400,7000
1,1,144,5000
1,1,600,18000
3,3,2200,45000
2,3,1005,21000
2,2,1200,10000
2,2,1180,15000
2,2,900,11000
1,1,500,7500
3,2,1100,22000
2,2,1100,17000
1,1,400,6000
2,2,1250,20000
2,2,600,18000
2,1,780,13000
2,2,1274,38000
2,2,1200,36000
1,1,400,7500
1,1,500,9000
3,3,1100,18000
1,1,700,6500
2,1,600,6000
2,2,1200,18000
2,2,900,12000
3,3,1850,75000
2,2,900,25000
2,2,1050,20000
2,2,1200,8000
2,2,600,11000
3,2,1480,65000
1,1,400,6000
4,4,4500,160000
1,1,600,11000
2,2,1100,20000
1,1,600,5500
3,3,1100,12000
3,2,1320,21500
2,1,500,9300
1,1,600,6000
2,1,650,13000
1,1,300,7000
2,2,1000,14000
2,2,1200,14000
1,1,650,6000
1,1,600,12500
1,1,400,7000
2,2,1000,13000
2,2,1100,20000
2,2,1300,24000
1,1,600,6000
2,2,800,15000
2,2,1115,20000
2,2,1060,17000
3,2,1278,35000
3,3,1500,22000
2,2,1000,18000
4,4,4105,120000
2,2,800,10000
2,1,500,8000
2,1,700,9500
2,2,1055,9000
3,2,1325,31000
2,2,950,14000
1,1,450,7000
3,2,1200,24000
1,1,400,8000
1,1,400,22000
2,2,600,12000
1,1,500,5000
1,1,400,6000
2,2,1100,30000
2,2,650,12000
2,2,600,15000
2,2,800,14000
1,1,460,22000
2,2,1380,40000
1,1,500,12000
2,2,825,15000
2,2,700,9500
2,2,1110,15000
2,2,800,15000
2,1,810,10000
4,3,1150,15000
1,1,700,7000
1,1,300,10000
3,3,1400,26969
1,1,450,8000
3,3,1603,52000
3,2,1500,30000
1,1,200,6500
3,3,1500,22000
1,1,600,10000
1,1,150,6000
2,2,750,13000
2,2,1300,18000
4,3,1900,30000
2,2,300,10000
1,2,700,15000
2,2,1325,70000
2,2,894,19000
2,2,1100,20000
2,2,600,9000
1,1,500,5000
2,2,1000,27500
2,2,850,16000
1,1,400,12000
3,4,2400,75000
2,2,1200,20000
1,1,500,7000
1,1,550,11000
1,1,450,13500
1,1,430,17000
3,3,2430,55000
1,2,500,13000
2,1,600,11000
2,2,805,16000
2,2,950,23500
2,2,1000,8500
3,3,1350,30000
3,2,1500,22000
2,2,1000,15000
3,3,800,15000
2,1,1000,10000
2,2,800,12500
3,3,1550,24000
2,2,1000,32000
2,2,800,19000
1,1,700,9000
2,2,500,5500
1,1,500,15000
2,2,900,14000
3,2,1200,27000
2,2,1000,14000
3,3,1680,43000
2,2,1100,30000
2,1,1200,50000
1,2,900,15000
3,3,1600,25000
2,2,1475,25500
1,1,300,6000
1,1,400,5000
1,1,550,10000
1,1,400,15000
1,1,500,5000
3,3,1200,17000
2,2,1300,14000
3,3,2100,35000
2,1,800,35000
2,1,800,16000
4,4,4341,130000
2,2,1300,35000
1,1,400,10000
2,2,800,12000
2,1,1000,10500
1,1,400,8000
2,2,1100,15000
2,2,1200,25000
2,2,600,9000
2,2,1700,30000
2,2,846,22000
2,2,1100,14000
2,1,700,12000
2,2,110,10000
3,3,900,25000
1,1,420,25000
2,2,800,16000
3,3,1500,60000
1,1,900,7000
3,3,1600,21000
4,4,5700,250000
1,1,625,19000
4,3,1760,42500
2,1,600,11000
2,2,1200,18000
1,1,300,4300
2,1,900,9000
1,1,450,7000
2,2,1050,15000
1,1,580,4800
2,2,600,15000
1,1,550,18000
2,2,1115,22500
1,1,300,9500
2,2,1200,12000
1,1,900,9000
3,3,1400,25000
1,1,400,9000
2,1,900,11000
1,1,500,12500
3,2,1360,21000
3,2,1110,17681
3,3,2400,28000
3,3,1700,30000
2,2,980,25000
2,2,600,13000
2,2,200,8000
3,2,1300,35000
1,1,750,8000
2,2,850,10000
1,1,600,11500
4,4,3100,140000
2,1,660,6000
2,1,600,11000
1,1,250,4000
2,2,1200,14000
2,2,630,24000
2,1,840,11000
2,1,500,10000
3,3,1680,62000
2,1,775,12000
2,2,1000,18000
2,2,900,17500
1,1,500,6500
1,1,550,16000
3,3,1250,30000
2,2,850,28000
1,1,150,6500
1,1,445,9000
2,2,500,8500
2,2,750,20000
3,2,2000,26000
1,1,500,8000
1,1,730,8500
2,2,750,12500
1,1,600,8000
3,3,2710,52000
2,2,1190,18000
1,1,435,15000
2,2,750,12000
3,3,1800,100000
1,1,1200,6000
2,1,600,12000
1,1,450,6500
3,3,1100,13500
1,1,700,10000
2,2,650,8500
3,3,1768,32000
3,3,1600,42000
1,1,400,7500
2,2,1200,16000
1,1,500,5000
2,2,700,14000
4,4,2500,60000
1,1,500,8500
1,1,500,10000
1,1,500,8500
2,2,1280,15000
2,1,200,9500
2,2,750,25000
2,2,900,14000
3,2,1200,20000
1,1,800,10000
2,1,500,10000
2,2,1000,13000
2,2,850,13000
2,2,900,24000
1,1,600,10000
1,1,600,8000
1,1,600,6000
3,2,1250,21000
3,3,2000,25000
2,1,532,8500
2,2,1000,13000
1,1,150,5000
1,1,500,7500
1,1,600,13900
2,2,1100,15000
3,3,1500,30000
2,1,500,13000
1,1,600,7700
2,1,1200,25000
2,2,1100,17000
3,3,1550,39000
2,2,1050,18000
1,1,500,15000
2,2,1500,28000
2,2,1150,17500
4,3,2000,75000
2,1,110,14000
1,1,500,9000
3,3,1465,20000
2,2,940,12000
2,1,850,12000
2,2,990,24000
2,2,750,12000
1,1,500,10000
3,2,1430,24000
1,1,600,9000
2,1,900,12000
2,2,1100,11000
2,1,900,15000
1,1,600,5500
2,2,1000,18000
2,2,1150,42000
2,2,1250,18000
2,2,1000,15000
1,1,500,6000
3,3,2000,30000
2,2,850,12000
2,2,990,10000
2,1,850,9500
2,2,1000,16000
2,2,650,9500
1,1,400,6500
2,2,1000,13500
2,2,1350,25000
2,2,600,9500
4,5,4000,190000
2,2,950,90000
2,2,777,24000
3,2,1200,15000
2,3,1600,22000
3,3,1500,34000
2,2,570,12500
3,3,1800,28000
2,1,1100,12000
1,1,400,8000
1,1,750,7500
2,2,1400,34000
3,3,1789,32000
2,1,650,14500
2,2,1200,16000
1,1,460,7500
2,1,500,7500
2,2,1080,19500
3,2,2000,75000
2,2,1100,16500
2,2,1025,14500
2,2,650,16000
2,1,800,8000
3,3,2800,280000
2,2,1100,21000
3,3,1300,30000
3,3,2000,65000
3,3,2500,180000
2,2,600,10000
2,2,630,12000
2,2,550,9000
2,2,1025,22000
1,1,500,10000
3,3,1286,48000
1,1,800,11000
2,2,900,11000
3,3,1618,40000
1,1,500,10000
1,1,450,6500
2,2,850,18000
3,2,1374,22000
3,3,1600,28000
1,1,400,6200
3,3,1500,110000
2,1,800,5500
3,3,1580,50000
2,1,700,12000
2,1,700,11500
1,1,550,16000
1,1,450,11000
4,5,4550,150000
1,1,400,9000
1,1,650,6000
2,2,700,12000
2,2,1333,16000
3,2,1500,35000
1,1,425,9000
1,1,300,8000
2,2,650,13500
2,2,800,14000
2,2,1200,14000
1,1,500,4700
2,2,1000,17000
2,2,600,11000
1,1,600,12000
3,2,1875,30000
2,2,1000,12000
3,2,1300,21000
1,1,350,6000
2,2,900,18500
1,1,200,4750
2,2,700,15000
2,2,1000,17600
3,3,1700,35000
2,1,600,8000
1,1,650,7000
2,1,750,15000
3,3,1750,30000
3,3,1950,100000
2,2,1065,18000
2,1,600,8000
2,1,600,9000
1,1,500,6000
2,1,600,7500
1,1,600,15000
2,1,900,10000
2,2,500,14000
1,1,600,7000
3,3,1710,60000
1,1,600,6000
3,2,1100,17000
2,2,920,15000
1,1,750,8200
1,1,300,8500
3,2,1660,20000
1,1,400,8000
2,1,300,20000
1,1,300,11500
3,2,2000,30000
3,3,1200,22000
1,1,300,6500
1,1,700,6500
2,3,850,16000
1,1,700,24000
1,1,455,15000
2,2,1000,18000
1,1,600,8500
1,1,250,4000
1,1,400,5000
2,2,1200,22000
1,1,500,12000
1,1,350,9000
2,2,1100,7500
2,3,1650,30000
4,2,1000,14000
2,1,500,9250
1,2,700,13000
2,2,1200,12000
1,1,600,12000
2,2,925,10000
3,3,2400,60000
3,3,1500,35000
2,2,600,12000
1,1,435,14000
1,1,650,8000
2,2,700,11000
2,2,890,20000
1,1,600,12500
2,2,1250,35000
3,2,1350,26000
3,4,2600,85000
1,1,440,14000
2,2,1150,22000
1,1,450,7000
2,2,1150,16000
2,1,600,11000
2,2,980,20000
3,3,1850,60000
2,2,625,5000
1,2,100,4000
2,1,1200,15000
3,2,1200,18000
2,1,1080,12000
1,1,700,8500
2,2,800,11000
3,2,1880,42000
2,2,1305,25000
1,1,600,8500
2,2,950,12500
2,2,1188,18000
1,1,500,6000
2,2,875,9000
3,3,2100,54000
3,2,1200,22000
3,3,2390,120000
1,1,600,7000
2,2,1150,28000
3,3,1788,55000
2,2,1250,19000
1,1,600,11000
3,2,1600,18000
3,4,1520,70000
1,1,550,12000
2,2,1100,18000
2,2,1100,30000
2,2,1100,10000
1,1,400,6000
1,1,300,4500
1,1,500,8000
2,2,1100,20000
2,2,1000,17500
2,2,850,22000
2,2,1020,17000
2,2,1250,22000
3,3,1400,24000
1,1,600,12000
1,1,200,4500
1,1,300,5000
1,1,400,6000
1,1,450,11000
2,2,1180,20000
3,3,1460,35000
3,3,1464,24000
2,2,700,10000
2,2,680,16000
3,4,2750,100000
2,1,800,14000
2,1,600,7500
3,3,1200,16000
4,3,3200,65000
2,2,1800,18000
1,1,500,8000
2,2,1200,11000
1,1,750,8000
1,2,700,13000
2,2,1000,30000
2,2,800,14000
1,1,200,20000
3,3,1800,80000
1,1,400,9500
3,3,600,14000
3,3,1550,65000
2,2,650,18500
2,2,850,40000
4,4,2000,90000
1,1,180,3500
3,2,140,25000
1,1,450,9000
3,3,2500,90000
1,1,720,22000
2,1,400,12000
2,1,450,11000
1,1,250,20000
4,5,3000,260000
2,2,550,11000
2,1,450,10000
3,3,2500,60000
4,4,800,350000
2,2,100,16000
1,1,400,16000
2,2,750,12000
1,1,400,8000
3,2,1100,14000
1,1,450,14900
2,2,850,15000
3,1,600,10000
2,2,750,40000
1,1,500,9000
1,1,350,7000
2,1,623,13500
3,3,2400,95000
1,1,75,20000
2,1,450,7500
2,2,445,9000
3,3,300,80000
3,3,1670,50000
1,1,550,13000
1,1,350,12000
2,2,650,16000
2,1,70,13000
2,2,100,29000
3,1,800,18000
2,1,60,8500
3,2,2000,27000
2,2,600,18000
1,1,450,11500
2,3,2200,80000
2,2,600,15500
4,3,2000,55000
2,2,800,20000
3,2,170,35000
2,2,150,38000
2,2,650,16000
3,3,1250,50000
1,2,600,9500
4,4,2100,90000
1,1,450,10000
2,2,100,25000
1,1,650,30000
2,2,48,12000
2,2,550,16500
1,1,240,4500
2,2,700,30000
1,1,48,12000
2,2,100,23000
3,3,1901,70000
1,1,50,5500
3,3,1300,35000
2,2,145,9000
2,3,800,22000
3,4,1100,35000
1,1,450,12000
2,1,300,6000
2,3,1040,22000
1,1,25,5000
2,2,900,20500
2,1,1100,7500
2,2,380,5500
3,2,450,25000
1,1,550,13000
1,1,180,5000
3,2,1650,40000
1,1,250,12500
1,1,400,6000
2,2,900,15500
3,3,1900,75000
3,2,892,36000
1,1,400,13000
3,2,100,45000
2,1,60,2000
2,2,80,28000
2,1,450,9000
1,1,520,12000
1,1,350,13000
2,2,600,11000
3,2,950,35000
2,1,450,10000
1,1,450,20000
2,2,850,25000
1,1,200,8000
4,4,3000,150000
3,3,1500,36000
2,2,700,12000
1,1,530,8500
3,2,800,17000
1,1,45,7500
1,1,900,16000
1,1,450,9000
2,1,650,8000
2,2,900,45000
2,2,900,27000
2,2,120,14000
2,2,600,14000
2,2,615,14000
1,1,225,7500
1,1,800,10000
1,1,400,7000
1,2,800,25000
2,1,60,9000
3,2,1000,22000
3,1,75,10000
3,2,800,11000
1,1,200,12500
3,2,800,15000
2,2,80,35000
2,2,900,35000
2,2,1125,52000
3,2,900,15000
2,2,1100,32000
1,1,400,11500
3,3,713,45000
2,1,700,16000
2,2,1000,20000
1,1,54,7000
3,3,200,85000
1,1,200,15000
2,2,800,22000
2,2,1000,32000
2,2,500,20000
1,1,300,35000
2,2,900,35000
3,3,240,65000
2,2,650,15000
3,2,950,12000
1,1,500,8000
1,1,500,11000
2,2,450,12000
4,4,2800,140000
2,1,150,24000
1,1,400,20000
3,2,100,16000
1,1,400,15000
2,2,900,28500
3,3,1350,30000
1,1,500,16000
3,3,1700,80000
1,1,400,11000
2,1,110,21000
3,2,1200,10500
2,2,50,15000
3,2,100,16000
2,2,1000,45000
1,1,63,6000
3,2,1800,40000
2,2,1440,36000
2,2,55,12000
3,3,1500,45000
2,1,400,20000
3,2,100,10000
2,1,500,5000
2,2,100,8000
2,1,455,13000
2,1,80,15000
2,1,450,7500
1,1,400,6000
4,4,300,100000
2,2,700,12000
2,2,600,10000
2,2,800,10000
2,2,950,12000
2,1,450,15000
1,1,450,10000
2,1,68,12000
2,2,850,14500
2,2,1000,18500
1,1,600,24000
2,1,65,11000
3,3,1700,52000
3,3,1800,70000
2,1,1000,12000
2,2,900,22000
4,4,2300,200000
2,2,75,20000
3,3,200,45000
1,1,200,8000
1,1,200,8000
2,1,450,9500
2,2,750,25000
2,1,400,12000
2,2,84,24000
2,2,90,27000
2,2,90,18000
2,2,500,17000
2,2,75,15000
1,1,512,13000
3,3,1500,70000
1,1,446,14000
3,2,1100,32000
1,1,125,4000
3,3,1800,100000
3,2,1300,20000
3,2,2000,30000
2,2,1200,150000
3,2,125,19500
2,2,730,18000
2,2,160,25000
2,2,1000,18000
1,1,450,10000
2,2,75,12000
3,3,2000,25000
4,3,2400,40000
2,2,1800,30000
3,3,1800,29000
3,3,2200,35000
3,2,2200,21000
3,2,900,31000
2,1,75,8000
2,2,75,15500
3,3,1800,32000
3,3,160,30000
4,4,2700,42000
3,2,1050,20500
3,3,1800,60000
2,2,2700,95000
1,1,499,16000
1,1,450,8500
1,1,60,14000
3,3,2200,140000
2,1,130,8000
3,1,650,12500
2,1,100,14000
2,1,45,6000
2,2,600,10000
3,1,800,15000
3,3,1500,8000
1,1,30,10000
1,1,55,8500
2,2,900,25000
2,1,1000,13000
1,1,360,6000
1,1,450,7000
2,2,900,22000
2,2,1100,40000
2,2,700,22000
1,1,400,4500
3,2,950,15000
3,4,3000,130000
2,2,950,23000
3,3,1100,45000
1,1,497,15000
3,2,100,13000
2,2,70,10000
2,2,55,10000
1,1,300,6500
1,1,400,7000
2,2,500,7000
4,2,650,17401
1,1,630,5500
1,1,450,20000
2,1,500,7000
5,5,200,190000
2,1,95,13000
4,3,272,60000
2,2,800,17000
2,2,50,16000
1,1,400,9500
1,1,450,5000
3,3,1800,27000
3,3,1800,29000
3,3,2000,29000
4,4,2700,37000
4,3,2700,36000
3,3,1800,35000
4,4,2700,42000
3,3,1800,37000
3,3,1800,30000
3,2,1200,20000
1,1,600,8500
1,1,350,11000
2,2,100,14000
3,3,1800,55000
2,2,900,25000
3,2,1150,20500
4,2,1400,28000
1,1,500,5000
4,3,300,35000
3,3,1800,30000
1,1,500,10000
1,1,500,11000
2,2,80,17000
2,2,1000,35000
3,2,1600,30000
4,4,1800,30000
2,2,400,13000
2,2,900,13000
1,1,480,11000
1,1,180,13000
2,2,1000,33000
3,2,1120,25000
3,3,1800,70000
3,2,1200,30000
1,1,550,9000
2,1,1400,14500
3,2,1600,50000
1,1,650,20000
4,4,120,15000
2,1,450,7500
1,1,520,13500
1,1,850,14000
2,2,850,18000
2,1,585,14000
3,2,1600,65000
2,2,950,22000
1,1,120,4000
2,1,500,10000
1,1,200,7500
1,1,550,17000
1,1,650,18000
4,4,2800,70000
1,1,50,10000
2,1,550,15000
2,2,90,16500
3,3,2925,100000
1,1,150,7500
2,1,450,6000
2,2,750,18000
2,1,975,18000
3,1,106,8000
2,2,750,14000
2,2,80,11000
3,2,96,25000
1,1,500,9000
3,2,1550,47000
2,2,1000,20000
1,1,400,6000
1,1,450,5000
2,1,1000,20000
1,1,450,10000
3,2,100,15000
2,2,550,13500
1,1,400,5500
1,1,60,14000
4,2,900,18000
1,1,700,20000
2,1,500,9300
3,3,2000,80000
2,1,400,7500
3,2,1500,30000
2,1,70,13000
2,2,60,8500
3,3,200,44300
2,2,1650,45000
2,2,1150,30000
2,2,1800,40000
4,5,4000,530000
2,1,900,12000
2,1,700,13500
2,2,900,30000
1,1,400,9500
4,4,2700,200000
3,3,2000,30000
2,1,450,9000
2,1,400,13000
2,1,500,7000
1,1,450,18000
1,1,350,3500
4,4,272,65000
1,1,545,19000
2,2,84,23000
1,1,600,12000
2,2,75,15000
3,2,165,38000
3,3,1100,50000
1,1,500,6500
3,3,150,35000
2,2,70,15000
3,2,250,30000
2,2,70,10000
1,1,300,18000
3,3,1800,30000
1,1,400,16000
3,2,1250,22000
2,1,480,9000
2,2,84,20200
2,2,84,19500
2,2,600,21000
2,2,600,20000
2,2,720,13000
2,1,75,6500
3,2,1000,25000
2,2,900,20000
2,2,2200,33000
3,1,900,18000
1,1,550,13000
2,1,450,10000
2,2,470,10000
3,2,125,23000
1,1,400,20000
4,4,2600,150000
3,3,1500,25000
2,1,80,21000
3,2,1100,30000
2,2,1000,22000
2,2,800,14000
2,1,50,7000
2,2,1000,18500
1,1,550,8500
1,1,450,8000
2,2,670,10000
2,1,700,15000
3,2,125,37000
3,3,1872,90000
2,1,650,12000
2,2,550,13000
2,2,84,22000
1,2,90,4000
2,2,1000,12000
1,1,65,9000
2,1,75,14000
1,1,250,15000
2,2,900,12500
3,3,900,30000
2,2,650,9500
2,2,900,15000
1,1,800,12000
1,1,410,8000
3,3,1500,70000
4,4,2800,250000
3,2,1800,31500
2,2,1400,30000
3,3,1600,60000
3,2,1200,35000
3,3,1150,55000
2,1,110,20000
1,1,300,6500
2,2,750,17000
1,1,450,9300
2,1,410,7500
2,1,800,20000
3,3,120,18000
1,1,650,15000
2,1,400,13000
2,2,810,20000
3,2,700,12000
2,2,1125,40000
2,2,600,8000
3,3,1300,95000
3,3,1450,68000
3,2,110,18000
4,6,3500,130000
4,7,4000,150000
3,4,2500,75000
4,5,3000,110000
4,6,3500,150000
1,1,240,10000
3,2,1250,24000
3,2,1000,28000
3,2,900,28000
2,2,900,18000
3,3,1250,27000
2,2,650,17000
3,4,3200,350000
2,1,900,25000
3,2,1250,16500
2,2,60,14000
2,2,90,18000
2,1,55,10000
2,1,50,10000
4,4,400,100000
2,1,680,25000
2,2,756,22999
2,1,500,6000
2,2,900,40000
3,3,2000,250000
1,1,40,13000
1,1,100,14000
2,2,950,20000
1,1,200,5500
2,2,900,32000
2,1,750,8000
3,3,1400,25000
2,2,100,28000
2,2,100,22000
1,1,100,21000
2,2,1000,30000
1,1,400,12000
1,1,70,15000
1,1,450,18000
2,1,900,18000
1,1,42,10000
1,1,400,16000
2,2,900,20000
4,2,1500,28000
1,1,70,7000
2,1,450,30000
2,1,900,15000
1,1,500,8000
1,2,400,9000
3,2,150,33500
1,1,450,9500
2,1,540,10000
1,1,400,20000
1,1,450,10000
1,1,700,15000
3,2,1450,55000
2,2,1000,20000
2,2,550,16000
2,2,900,23000
3,3,300,150000
2,2,1100,25000
1,1,600,9000
1,1,450,11000
2,1,550,11500
3,2,1000,16000
3,2,1250,23000
4,4,1950,30000
3,4,1750,110000
1,1,25,3500
2,1,700,12100
2,1,1800,19000
2,2,1000,40000
2,1,200,8000
3,3,1700,42000
3,2,70,13000
3,3,1700,44000
1,1,450,11000
3,3,1350,40000
4,4,2550,150000
2,2,650,13000
2,2,650,17500
3,3,1250,14500
3,2,1250,24000
3,2,1000,30000
1,1,500,10000
1,1,500,10000
3,3,1550,90000
4,5,3800,280000
2,2,1150,32000
3,3,2000,80000
1,1,30,5500
1,1,50,6000
3,2,1205,30000
3,2,1450,42000
1,1,200,5500
2,2,350,7000
2,1,700,10000
1,1,400,17000
1,1,700,18000
2,2,1000,14000
1,1,450,17000
3,2,1200,27000
3,2,1200,25000
2,2,900,23000
2,2,84,24500
1,1,200,10000
2,2,1300,35000
2,2,1300,27000
1,1,200,7000
1,1,300,5000
2,1,550,5000
2,1,950,12000
2,2,750,30000
2,2,950,25000
1,1,350,6000
3,3,2000,45000
3,3,180,40000
2,1,60,8500
2,1,950,16500
3,3,1400,100000
3,2,200,52000
1,1,450,12500
2,2,600,14000
1,1,350,15000
1,1,300,5000
2,2,95,40000
1,1,550,17000
3,3,900,15000
1,1,25,6000
3,3,325,85000
2,2,80,18000
2,1,77,7500
2,1,60,10000
1,1,100,9000
3,2,1300,24000
2,2,500,12000
2,2,500,10500
2,2,1200,31000
1,1,250,9000
2,1,700,9000
3,2,1050,27000
2,2,500,12500
2,2,1100,15000
2,2,1000,6500
3,3,2400,90000
3,4,3000,200000
1,1,650,15000
2,2,1000,15000
2,2,700,7600
3,3,1200,29000
3,3,1710,20000
2,2,600,12000
2,2,1080,10500
2,2,1300,29000
2,2,1027,26000
3,3,1350,25000
2,2,950,10000
2,2,1300,14000
2,1,600,6000
3,2,1428,40000
2,2,920,23000
2,2,600,10000
2,1,810,10000
2,2,1200,15000
1,1,550,11000
2,1,600,20000
2,1,850,15000
4,4,2117,22000
2,2,900,6000
2,2,1000,20000
1,1,500,6500
2,1,800,12000
2,3,1550,27000
2,2,1500,15000
3,6,1700,20000
2,2,700,22000
1,1,400,7000
2,1,450,7000
1,1,500,6500
2,2,770,9000
1,1,150,4500
2,2,850,12000
2,2,1100,18000
2,1,650,8000
1,1,550,5000
2,2,1000,14000
1,1,250,6500
2,2,790,10000
2,2,600,13000
2,2,700,11200
1,1,550,8900
1,1,500,12000
3,3,1800,45000
3,2,1550,35000
3,3,1462,34999
2,2,970,11000
3,3,2300,150000
2,1,700,15000
2,2,674,15000
2,2,750,10000
2,2,1000,12000
2,2,1030,10000
3,2,1540,35000
3,3,1800,40000
2,2,1100,24000
2,2,985,12000
2,2,1200,30000
2,2,1200,10000
2,2,900,15000
2,2,800,33000
2,2,800,9000
3,3,1500,30000
2,2,680,13000
2,2,800,15000
2,2,875,12000
2,2,880,20000
3,3,1500,36000
2,2,950,10000
2,2,850,16000
1,1,700,6000
3,2,2000,22000
1,1,450,6000
1,1,400,6500
1,1,350,3000
3,3,1650,27000
2,1,800,8000
2,1,600,12500
2,1,800,11000
3,3,1600,40000
2,2,700,15000
2,2,800,8000
3,3,2120,34000
1,1,560,7500
1,1,420,14000
2,2,1000,15000
3,3,1330,21000
3,2,930,12000
3,3,1900,75000
2,2,1200,15000
1,1,350,6000
3,1,1000,20500
2,2,1210,13500
2,2,750,10000
3,3,1150,15000
2,2,800,11000
2,2,930,12000
2,2,2800,15000
2,2,800,20000
2,2,850,24000
2,2,650,16000
2,1,770,10000
3,3,1800,30000
3,2,1100,26000
2,2,950,10000
3,2,1250,15000
1,1,400,9000
2,2,575,9000
2,2,1234,15000
2,2,870,12000
2,2,1162,20000
3,3,2200,15000
1,1,500,8000
3,1,900,13000
1,1,600,6800
2,1,600,9000
3,3,1600,14000
4,4,2400,55000
3,3,1600,50000
1,1,400,8000
2,2,1000,16000
2,2,600,15000
2,2,750,15000
2,2,700,15000
4,5,2200,75000
1,1,500,9000
1,1,700,6500
3,2,1480,17000
3,3,1700,49000
2,2,830,15000
3,2,1425,25000
3,3,1550,40000
1,1,200,8000
2,2,1200,17500
3,2,800,11000
3,3,1261,8500
2,2,425,11000
2,2,940,12500
3,3,2300,90000
2,2,700,14000
3,3,2400,150000
2,2,1145,25000
2,2,750,18000
3,3,1250,17000
2,2,900,8500
3,2,800,15000
2,2,800,22000
2,2,900,15000
2,1,600,10000
1,1,250,5000
2,2,910,10000
3,3,1350,15000
3,3,450,34500
1,1,600,8000
3,3,3600,330000
2,2,800,22000
2,2,850,13000
2,2,1000,6500
2,2,900,18000
3,3,2400,30000
1,1,400,8500
4,4,1900,20000
2,2,900,12000
2,2,805,18000
2,2,1200,19000
2,2,800,12000
3,2,1158,16000
1,1,400,5700
1,1,450,15000
2,2,960,11000
3,2,1400,17000
2,2,970,18000
2,2,1000,9500
2,2,900,12000
2,2,800,8000
2,1,1100,12000
2,2,800,16000
2,1,800,8000
2,2,898,10000
2,2,800,15000
2,1,600,7500
3,3,2000,30000
2,2,870,16000
2,2,1100,14000
2,2,650,10000
3,2,1100,25000
2,2,1250,11500
2,2,1145,11000
2,2,780,10000
1,1,680,7000
2,2,860,18000
1,1,600,7500
2,1,750,7500
2,2,800,12000
2,2,570,12000
2,2,1150,40000
1,1,350,5000
2,2,894,20000
1,1,600,6500
3,2,900,12000
1,1,550,12000
2,2,717,14000
2,2,660,13000
1,1,700,9000
1,1,800,10000
3,2,1070,15000
2,2,1000,15000
2,2,1500,19000
2,2,900,15000
2,2,1700,16000
2,2,900,12000
2,2,805,11000
2,2,750,8000
2,2,1000,10000
3,3,1500,70000
3,3,3200,45000
3,3,1700,60000
2,2,1000,12000
3,3,2036,80000
2,1,610,23999
2,2,1100,23000
2,2,900,16000
2,2,840,14000
3,2,965,13000
2,2,800,14000
1,2,700,7000
1,1,600,3500
1,2,650,12000
1,1,320,8000
2,1,700,25000
2,2,850,12000
1,1,550,7000
3,3,1400,20000
2,2,1300,18000
2,2,1125,15000
2,2,780,11000
3,3,2200,65000
3,3,2500,75000
1,2,1300,15000
2,1,619,12000
2,1,700,8500
3,3,2100,38000
3,3,2000,30000
1,1,700,9000
3,3,2000,25000
2,2,600,9000
1,2,550,8500
1,1,300,7000
2,2,800,25000
2,2,850,8500
1,1,450,6500
1,1,500,7000
1,1,115,4500
2,2,800,22000
2,1,600,10000
2,2,800,16000
3,2,1725,85000
2,2,1330,15000
3,4,2064,25000
1,1,700,9000
2,2,900,20000
2,2,1066,15000
2,2,700,9000
2,2,900,14000
2,2,700,15000
3,2,950,14000
2,2,850,8000
2,2,600,13500
2,2,750,12000
2,2,850,7500
3,3,1650,20000
2,2,960,11000
2,2,1200,11000
2,2,650,17500
2,2,800,8000
3,3,1350,25000
2,2,560,12000
1,1,250,5250
2,2,685,25000
2,2,1021,14000
3,3,1200,24000
3,3,1557,35000
2,1,550,8000
2,2,800,16000
3,2,917,28000
2,2,960,16000
2,2,1000,13000
2,2,1000,35000
1,1,579,11000
1,1,800,5000
2,2,1100,23000
2,2,635,11000
3,3,1700,25000
1,1,600,4500
4,4,2500,100000
3,3,1920,47500
2,2,850,7500
3,3,1850,16500
2,1,1375,18000
2,2,700,7000
1,2,700,8000
1,1,675,10000
3,2,900,7000
2,2,1020,35000
4,4,3000,100000
2,1,800,13000
2,1,600,10000
2,2,890,14000
3,3,1700,46000
4,3,2000,65000
2,2,800,9000
3,2,1002,13500
3,3,1225,29000
2,1,610,23999
3,3,1200,26000
2,2,850,8200
1,1,500,15000
2,2,778,10000
2,2,850,20000
2,2,800,15000
2,2,1200,14000
2,2,750,11000
1,1,550,6500
3,3,1567,26000
1,1,650,7500
2,2,1150,14500
6,5,4500,280000
2,2,900,12000
3,2,1450,45000
2,2,850,22000
1,1,550,7000
1,1,600,7000
2,2,1200,45000
4,4,1450,20000
2,2,560,14000
2,2,1113,18000
3,4,1600,20000
1,1,550,10000
2,2,1200,25000
2,2,900,18000
1,1,800,5000
2,2,1200,12000
2,2,1000,13000
2,2,1100,30000
2,1,700,9000
1,1,650,12000
3,2,1500,30000
3,2,1175,20000
2,2,750,12000
2,2,1010,9500
2,2,1050,22000
3,2,1060,23000
2,2,900,9500
2,2,1000,13500
1,1,450,12000
3,3,1600,33000
3,3,1760,33000
2,2,618,18999
3,2,1220,18000
1,1,580,8500
3,3,1651,20000
2,2,705,9000
1,1,700,7000
3,3,1700,53000
2,2,901,14000
2,2,1100,21000
3,2,1120,16000
2,2,1300,26000
3,3,1350,20000
2,2,1340,25000
1,1,250,10000
2,2,700,11500
2,2,650,15000
1,1,490,4200
2,1,700,9500
1,2,580,8000
2,3,1400,16000
2,2,850,12000
2,2,850,12000
2,2,900,12000
2,2,780,13000
3,2,1246,15723
1,1,300,6000
2,2,900,10000
1,1,350,3000
2,2,900,7500
2,2,1099,18000
3,3,1530,16500
3,3,2000,35000
3,2,1095,15000
2,2,780,7000
3,3,1300,38000
2,2,900,20000
1,1,450,7500
2,2,400,12500
3,2,900,16000
2,2,935,16000
1,1,450,8500
2,2,1020,30000
3,2,1280,16000
1,1,450,5700
2,2,1120,18000
2,2,1000,15000
2,2,1000,7500
2,2,750,9000
2,2,1000,13000
3,2,1100,25000
3,3,3000,130000
2,2,650,13000
3,3,1500,20000
1,1,500,18000
2,1,700,8000
1,1,450,16000
2,2,700,18000
2,2,1250,19000
2,2,700,7500
2,2,650,15000
2,2,850,19000
2,2,750,10000
3,3,1780,45000
2,2,980,20000
2,2,700,7500
2,2,600,14000
2,2,800,5000
2,2,1500,20000
3,3,1402,15000
3,3,1500,75000
3,3,1300,30000
3,3,1484,30000
1,1,630,12500
2,2,1150,24000
2,2,800,10000
2,2,600,12000
3,3,2200,45000
2,2,950,10500
2,2,700,6250
1,1,450,6000
1,1,150,7500
1,1,360,6300
1,1,750,7000
2,2,1065,14000
2,2,650,10000
2,2,1140,30000
3,3,1525,16000
3,3,1450,22000
2,2,1200,14000
2,2,1100,18000
2,2,700,10500
1,1,600,6000
3,2,1200,20000
3,3,2100,90000
2,2,950,13500
1,1,800,7000
2,2,900,12500
2,2,805,15000
2,2,800,14000
2,2,2300,28000
2,2,1200,9500
3,2,1200,16000
4,4,4000,120000
3,2,1500,20000
1,1,500,21000
2,2,1050,22000
4,4,2550,120000
2,2,650,15000
1,1,800,5000
2,2,1000,15000
2,2,900,19000
3,3,1475,37500
1,1,360,8000
3,3,1600,45000
1,1,550,5000
3,2,1800,30000
2,2,1000,17000
2,2,700,15000
1,1,500,3500
3,2,1132,25000
3,3,1400,17000
5,5,3300,50000
3,3,1400,22000
2,2,800,12000
3,2,80,10000
3,3,1000,10000
2,2,1020,26000
2,2,500,9000
2,2,900,12000
2,1,600,8500
2,2,1100,7000
2,3,1200,12000
2,2,650,12000
2,2,900,26000
3,2,100,13000
2,2,1100,30000
2,2,585,30000
2,2,740,12000
1,1,550,10000
2,2,786,13000
2,2,1100,13000
3,3,1500,40000
3,3,1440,25000
1,1,700,8000
1,1,450,6000
3,2,1200,17000
3,3,1785,17000
2,2,1050,15000
2,1,700,8500
2,1,450,8500
2,2,803,11000
3,3,1800,60000
2,2,985,18000
4,3,2880,70000
2,2,850,10000
3,2,1100,20000
2,2,1100,16000
2,2,1500,10000
3,3,1975,100000
1,1,400,7000
2,2,914,17000
2,2,1000,17000
3,2,1170,39000
1,1,350,6500
3,2,1120,15000
2,2,1100,17000
1,1,500,6800
3,3,1435,110000
1,1,200,8500
3,3,1444,65000
1,1,350,7500
2,2,800,10000
3,2,1503,34000
3,3,1200,17000
3,2,900,23000
1,1,625,17000
2,2,860,8500
2,2,960,10000
2,1,550,8000
3,3,1000,30000
1,1,520,15000
3,2,1500,25000
2,2,966,16500
3,3,1400,40000
3,2,1300,15000
3,2,1062,12000
3,3,1850,35000
2,2,600,8000
2,2,1000,11000
3,3,1065,20000
3,3,950,17000
2,2,740,9000
2,2,700,16500
2,2,880,12000
2,2,890,12500
2,2,1100,25000
2,2,700,15000
3,2,1155,14000
3,3,1500,72000
1,1,550,10000
2,2,1000,17000
2,2,550,12000
3,3,2900,72000
3,2,2100,26000
2,2,1000,10500
2,1,800,15000
2,1,900,8500
2,2,800,10000
2,3,1015,10000
3,3,1700,25000
1,1,850,10000
2,3,1260,13000
2,2,800,16000
1,1,550,5000
2,2,800,9500
3,2,1200,18000
3,3,1570,24000
1,1,570,6166
2,2,900,20000
2,2,700,13000
1,1,500,8000
2,2,1000,18000
2,2,700,20000
2,1,690,14000
2,2,100,15000
3,3,1200,25000
2,2,1200,26000
2,2,800,9000
3,3,1157,15000
2,2,780,15000
3,5,2792,130000
1,1,500,7500
2,2,750,9500
6,6,1800,60000
1,1,500,7000
2,2,1153,23000
1,1,500,18000
3,2,1000,18000
1,1,510,6000
2,2,730,13000
2,2,950,15000
2,2,730,10000
3,2,1400,22000
2,2,900,10000
1,1,506,6500
2,2,749,7000
1,1,520,18000
2,2,850,7000
2,2,1000,22000
1,1,600,7000
1,1,1900,15000
2,1,600,8000
1,1,500,7000
1,1,550,9000
2,2,1200,9800
3,2,1107,14500
1,1,550,15000
2,2,1150,22000
2,2,600,9000
3,2,1235,18000
1,2,600,8500
1,2,400,6500
3,3,1400,40000
3,2,800,17000
2,2,700,12000
2,2,900,30000
1,1,400,4000
2,2,850,14000
3,2,1415,25000
1,1,281,8000
1,1,600,12500
5,4,6000,100000
2,2,1050,14000
1,1,390,7500
3,2,950,17500
3,3,1500,27000
2,2,200,16500
2,2,926,12000
3,3,1700,45000
2,2,1068,15000
3,3,1800,14000
2,2,590,17000
3,3,1400,34999
1,1,550,7000
1,1,520,10500
2,2,900,15000
2,2,700,10000
1,1,400,7000
4,4,2280,200000
2,2,826,12000
2,2,1050,10000
2,2,700,15000
2,2,800,19000
2,2,850,25000
1,1,502,10000
2,2,925,13000
2,1,500,12500
2,2,950,10000
2,2,930,16000
2,2,950,11000
2,2,800,13000
2,1,950,15000
3,2,1100,15000
2,3,750,20000
2,2,1000,12000
2,2,950,600000
2,2,800,11000
1,1,500,10000
3,3,1500,30000
1,1,550,8000
1,1,400,7000
1,1,550,10000
2,1,730,9300
2,2,1000,10500
2,2,975,16000
2,2,1800,20000
2,2,745,9000
2,2,900,18000
2,2,600,10000
2,2,600,16000
1,1,450,13500
2,2,1030,16000
2,2,833,8500
2,2,1000,15000
2,2,840,8200
2,2,750,20000
2,2,950,9000
1,1,550,13500
3,2,1125,26000
2,2,700,11000
2,2,1100,18000
2,2,700,10000
3,3,1250,40000
2,2,1100,24000
1,1,475,18000
2,1,530,11000
2,2,1050,23000
2,2,830,11000
2,2,809,8000
2,2,900,15000
1,1,700,9500
2,2,1150,13500
1,1,750,11000
2,2,920,13000
2,2,1050,25000
2,2,1800,12000
2,2,1000,25000
3,2,1062,8500
2,2,800,8500
1,1,450,5000
2,1,900,8500
4,4,2240,100000
1,1,500,7500
1,1,750,7000
3,3,1400,26000
2,2,1200,12000
2,2,1424,18000
1,1,450,13000
3,2,2700,160000
2,2,805,8000
1,1,434,6000
2,2,1000,12500
1,1,595,6500
2,2,685,10000
2,2,1075,12500
3,3,1100,22000
2,2,950,17000
3,3,1500,20000
3,2,1100,22000
2,2,1100,11500
3,3,1000,23000
2,2,800,19000
3,2,1500,45000
3,2,1250,17000
2,2,650,9500
3,3,1650,45000
4,4,2317,60000
2,2,950,12000
3,3,1700,40000
3,2,1300,16000
2,2,805,9000
2,2,1109,35000
1,1,300,4000
2,1,700,11000
2,2,950,9500
3,3,1290,25000
2,2,950,10000
1,1,400,12000
2,2,2000,19397
2,2,939,12000
3,3,1200,10000
2,2,1800,20000
3,2,1200,15000
2,2,1200,28000
3,3,1750,10000
1,1,300,3500
1,1,650,8000
2,2,950,13500
3,3,1610,36000
2,2,900,15000
1,1,550,5000
2,2,700,10000
2,2,800,10000
2,2,580,8500
2,2,950,11000
1,1,700,8000
2,1,600,12000
1,1,200,5000
1,1,600,7000
2,2,550,15000
1,1,600,10000
3,3,1680,37500
2,2,1100,7000
1,1,600,6500
2,2,820,16000
3,3,1125,34000
2,2,973,11500
2,1,780,15000
1,1,400,8000
4,4,4000,220000
2,2,1000,22000
3,3,3500,85000
1,1,350,6000
2,2,800,14000
2,2,700,11500
1,1,550,6000
3,4,2100,24000
3,3,1700,32000
3,2,1420,16000
2,2,950,13000
2,2,780,14000
1,1,800,7500
2,1,500,10000
2,2,1000,18500
2,2,750,12000
2,2,1200,17000
3,3,1152,35000
2,2,843,9000
2,2,900,13000
2,2,1250,27999
2,2,650,11000
4,4,2600,140000
1,1,700,12000
2,2,720,13000
4,4,3500,250000
4,4,3000,80000
2,2,1144,22999
3,3,1750,36000
3,2,1450,70000
2,1,590,12500
2,2,900,18000
2,1,800,10000
2,2,1000,18000
3,3,1650,37000
2,2,700,18000
3,2,1280,25000
2,2,700,10000
2,2,980,15000
2,2,900,15000
1,1,450,9000
2,2,1200,14000
2,2,650,8500
3,3,1903,35000
2,1,650,10000
1,1,450,5000
2,2,900,23000
2,1,550,15000
2,2,750,18500
2,2,1000,28000
3,3,1050,32000
1,2,650,14000
1,1,400,7000
3,3,1075,33000
3,3,2000,100000
2,2,720,18000
3,2,1000,16000
1,1,500,8500
2,2,900,10000
2,2,900,13500
2,2,900,19000
1,2,1000,11500
3,3,1300,22000
3,3,1383,12000
2,2,800,10000
2,2,1500,15000
3,2,1350,35000
3,3,2000,70000
3,2,1200,32000
3,3,1912,35000
1,1,500,10000
2,2,950,11000
2,2,1000,12000
3,3,1600,40000
2,2,900,8000
3,2,1265,20000
3,2,1060,12000
2,2,1050,15000
3,3,1500,27000
2,2,890,13000
2,3,700,9000
3,2,1146,25000
1,1,700,12000
2,2,800,18000
2,2,640,9500
2,2,909,14000
4,3,2400,40000
4,4,3800,70000
2,2,400,15000
2,2,886,8500
3,3,1570,27500
2,2,900,15000
1,1,400,5000
2,2,1600,26000
2,2,1000,14000
2,2,850,20000
2,2,750,12000
2,2,750,17000
3,3,2000,75000
3,2,1270,19500
2,2,2000,10000
2,2,1250,32000
2,2,1000,15000
3,3,1050,28000
2,2,800,10677
3,3,1625,50000
3,3,1535,32500
2,2,850,23000
4,4,3800,75000
4,4,4500,250000
2,2,1100,10000
3,3,3200,60000
2,1,647,12000
3,3,1798,48000
3,3,1700,58000
2,2,930,14000
1,1,150,7000
2,2,1200,13000
2,2,1250,11000
2,2,900,9500
1,1,500,7500
2,2,900,14000
2,2,1100,16000
3,3,1500,18000
1,1,500,8200
3,3,1300,12000
1,1,300,10000
2,2,800,13000
3,2,1400,22000
1,1,500,10500
2,2,750,11000
3,3,1200,20000
3,2,1350,14000
2,2,1400,12500
1,1,450,10500
3,3,2061,30000
2,2,100,11000
2,2,1100,9000
3,3,1650,35000
3,3,1500,23382
2,2,1140,9500
2,2,990,9000
3,3,1700,60000
2,2,1200,11000
2,2,850,11000
2,2,900,11000
2,2,800,8000
2,2,1000,9000
2,2,1020,8000
1,1,300,5500
2,2,1800,12000
3,2,919,25000
3,3,25,23000
2,2,1050,12000
2,2,200,6500
1,1,450,9000
4,3,1000,25000
3,2,1250,12500
3,3,1900,45000
2,2,1500,27000
3,3,2395,75000
2,2,1800,9000
2,2,700,12000
3,2,1700,24000
2,2,1200,15000
3,3,1600,24000
2,2,745,12000
3,3,2210,27000
3,3,1450,30000
3,3,1400,20000
3,3,2000,22000
4,3,1815,25000
2,1,1000,23000
2,2,1000,12000
2,3,1200,18000
3,3,2430,55000
1,1,140,5000
2,2,1200,13000
2,3,1100,9000
2,2,800,7000
3,3,1500,28000
2,2,1200,15000
3,3,1350,14000
5,3,2300,45000
1,2,1300,12000
2,2,1000,12500
2,2,1210,13000
2,2,1050,9500
3,3,1600,35000
1,1,300,4000
1,1,300,8000
2,2,1010,12500
3,3,1850,65000
2,2,1300,13000
2,2,1100,12500
3,3,2200,45000
1,1,500,6000
3,3,2290,50000
3,3,1900,40000
3,3,1600,30000
2,1,800,7000
3,3,1600,25000
1,1,500,9000
3,3,1500,16000
1,1,650,10500
4,4,3300,100000
2,2,1200,9000
2,2,800,11000
3,4,1200,24000
2,1,1000,12000
2,3,1600,20000
2,2,1200,24000
2,2,1100,12000
3,3,1250,12000
2,2,1100,10000
2,2,1600,45000
2,2,1000,22000
1,1,455,6500
3,2,1473,40000
5,4,4050,300000
1,1,400,4000
2,2,1300,12000
4,5,2520,27000
1,1,500,10000
2,1,200,10000
2,2,1200,10000
3,3,1950,18000
1,1,500,14500
1,3,500,9000
2,2,1150,14000
2,2,242,18000
2,2,720,9500
3,3,1800,49000
1,1,450,9000
2,2,130,130000
2,2,690,8000
2,2,1000,13000
3,2,1500,18000
3,3,1150,18000
3,2,1783,32000
2,2,900,15000
3,3,1725,35000
1,1,680,6000
1,1,550,9000
2,2,1290,9500
2,2,1450,12500
2,2,1300,25000
2,2,1450,15000
3,2,1496,38000
3,2,1850,20000
3,3,1600,15000
3,3,3500,130000
3,3,1850,27000
2,2,1210,16000
2,2,1400,13000
2,2,950,10000
2,2,878,10000
2,2,875,17000
2,2,300,12500
3,3,1800,25000
3,3,1956,35000
2,1,800,12000
2,2,1175,12000
2,2,1080,15000
3,3,1955,45000
2,2,950,20000
2,2,800,15000
2,2,1090,10000
3,3,1450,15000
2,2,1070,19800
2,2,60,8500
4,5,3133,130000
1,1,900,8500
1,1,60,4500
2,2,600,9000
1,1,750,13000
2,2,900,18000
3,3,1800,26000
1,1,470,17000
2,2,720,9000
1,1,450,8000
2,2,600,10000
2,2,1100,12000
2,2,1300,14000
2,2,1500,25000
2,2,1200,22000
4,4,3000,45000
3,3,2000,20000
2,2,800,16000
3,3,1000,35000
2,2,1200,15000
1,1,400,5500
3,2,1250,35000
1,1,700,14000
2,2,1100,25000
4,2,2050,36000
2,2,1428,20000
3,3,1700,30000
2,2,1140,12000
2,2,1000,16000
2,2,1160,13000
3,2,3000,22000
1,1,450,15000
3,2,1540,14000
2,2,1000,8000
3,3,1417,57000
3,3,2100,1200
2,1,550,8000
3,3,1600,15000
2,2,1200,17000
2,2,500,12000
3,2,1300,25000
2,1,600,13000
3,3,1565,35000
1,1,350,6500
2,2,1100,11000
2,2,1200,25000
3,3,2000,35000
3,3,2200,27000
3,3,1400,18000
3,3,1950,20000
2,2,130,8500
2,2,1300,14000
3,3,1675,35000
2,2,1135,16000
3,2,1800,20000
3,3,1400,18000
4,5,3698,140000
2,2,950,10000
2,2,650,12000
1,1,100,5300
2,2,950,11000
2,2,1000,12000
2,1,900,12000
3,3,1800,20000
2,2,1000,13000
3,3,1800,22000
2,2,1000,15000
1,1,450,5400
3,3,1771,16500
2,2,1150,12000
2,2,1000,8500
2,2,1050,14000
3,2,1500,15000
2,2,750,6000
2,2,1100,14000
2,2,800,15000
3,3,150,37000
1,1,750,6500
2,1,600,10000
2,2,1080,12000
2,2,1100,12000
2,2,750,9000
3,4,2405,60000
2,2,1248,18000
2,2,1110,14000
3,3,2300,50000
2,2,1000,17000
2,2,800,9000
4,5,3115,80000
1,1,500,7500
2,2,950,14000
2,2,1374,14000
1,1,1300,10000
2,2,1150,17000
1,1,450,6500
2,2,927,10000
3,3,1500,22000
2,2,1200,15000
2,2,1200,12000
3,3,2800,52000
1,1,562,6500
2,2,1500,20000
3,3,1950,25000
3,2,1360,14000
3,3,1800,25000
2,2,950,12500
2,2,780,12000
1,1,500,10000
2,2,1050,17000
1,1,600,15500
3,3,1800,65000
3,3,1800,60000
3,3,1900,45000
2,2,1100,10500
2,1,200,9000
3,3,1400,20000
2,2,1200,20000
3,3,1600,18000
2,2,1150,12000
2,2,130,12000
4,4,3800,120000
3,3,1720,28000
1,1,500,6000
2,2,1200,12500
4,4,2400,31000
2,2,800,7000
2,2,1300,22000
2,2,1400,17500
2,2,650,14000
2,2,103,9500
1,1,950,7000
3,3,1500,15000
3,2,1550,15000
2,2,140,10000
3,2,1800,14000
4,4,2550,85000
1,1,500,5500
2,2,800,14000
2,2,800,10000
2,2,1300,10000
2,2,600,13000
3,3,1000,20000
3,3,1000,25000
1,1,500,7500
1,10,8000,200000
2,2,1100,12000
2,2,1100,9500
2,2,200,12000
2,2,1800,10000
2,2,190,8000
3,2,1350,16000
2,2,1200,12333
1,1,400,9500
2,2,1200,16000
3,3,1400,20000
3,3,1300,14000
1,1,400,7500
1,1,650,13900
1,1,500,5500
2,2,875,9000
1,2,850,4700
3,3,1730,30000
3,3,1500,16500
3,3,1600,24000
2,2,900,9500
2,2,925,12000
2,2,1500,15000
3,3,1600,22500
3,3,1300,32000
2,2,1200,10000
2,2,133,13000
2,2,950,7000
3,3,1200,12000
2,2,950,7500
2,2,1095,15000
1,1,400,8000
3,3,2210,25000
3,2,1450,26000
3,3,192,15000
1,1,80,3000
2,2,1315,12500
3,3,1600,42000
2,2,1450,20000
3,3,1900,40000
3,3,2600,45000
1,2,450,8500
2,2,1000,15000
2,2,100,9000
2,2,1100,14000
2,2,1200,11000
2,2,1400,10000
3,3,2000,55000
2,2,1070,10000
2,2,1450,25000
2,2,1230,27000
2,3,1000,12000
2,2,1200,16000
2,2,150,8000
2,2,850,14000
2,2,1300,10000
4,5,4761,150000
2,2,1250,16000
1,1,100,6000
3,2,1550,26000
2,2,1300,13000
3,2,1600,28000
2,3,1200,8500
2,2,1200,12500
3,3,1970,25000
2,2,650,10000
2,3,1000,12000
3,3,1500,15000
2,2,1250,6000
3,3,1940,30000
2,2,700,18000
2,1,700,8500
2,2,100,7500
1,1,300,12000
2,2,980,15000
2,2,800,15500
3,2,1250,20000
2,2,1000,11000
2,2,1000,15000
3,3,1800,17000
3,3,2000,20000
3,3,1500,20000
2,3,1050,12000
2,2,1100,25000
2,2,1000,11500
2,2,700,6500
1,1,750,10000
1,1,450,6000
3,2,1000,14000
3,3,1500,34000
2,2,1550,15000
2,2,1450,20000
2,2,650,9500
2,2,650,10000
3,3,1500,30000
2,2,900,13000
3,3,1645,45000
2,2,600,8000
2,2,1250,25000
2,2,1300,12000
2,2,1000,19000
3,3,1500,22000
2,2,1150,15000
2,2,110,15000
2,2,103,10000
2,2,1050,10000
2,2,60,7000
2,2,1170,15000
2,2,167,9500
1,1,500,6500
1,1,600,10000
1,1,600,8000
1,1,200,3300
2,1,600,12000
2,2,900,20000
2,2,800,12000
3,2,1000,20000
3,3,3200,70000
2,2,1400,10000
1,1,550,8500
1,1,540,8000
1,1,400,8000
2,2,1225,13000
3,2,1430,15500
2,2,1200,30000
2,2,1197,10000
2,2,1150,18000
1,1,500,12000
2,2,1200,9000
1,2,500,6000
3,3,1600,32000
2,2,1100,36000
2,2,1220,17000
3,3,1500,20000
1,1,500,9000
2,2,850,9500
2,2,1000,7000
3,3,100,17000
2,2,1140,19500
2,2,1100,25000
3,2,1400,14000
2,2,1350,16000
2,2,180,15000
2,2,1250,13000
2,2,1300,12000
2,2,840,12000
2,2,1200,7500
2,2,700,13000
4,4,2700,52000
2,2,1100,22000
2,2,1000,18000
2,3,1000,7000
3,3,1600,16500
3,3,1550,13000
1,1,600,6000
1,1,500,6000
2,2,1100,21000
3,2,1000,10000
2,2,1000,12000
3,3,1800,30000
2,2,1300,15000
2,2,1100,10000
2,2,950,9000
2,2,1000,10000
2,2,1200,8000
6,7,2800,60000
2,2,550,8000
2,2,1000,8500
2,2,800,7500
2,1,600,5000
3,3,1800,30000
1,1,500,7500
2,2,1000,12000
2,2,1100,15500
3,2,1450,26000
1,1,550,8000
2,2,933,12000
3,2,1100,15000
2,2,1030,10000
3,3,1150,20000
2,2,850,12500
2,2,1000,18000
3,3,1400,21000
3,3,2700,95000
3,3,1700,26000
3,2,1742,53000
2,2,1000,13000
2,2,1440,12000
3,3,1600,28000
3,3,1838,57000
2,2,1200,10000
3,1,200,21467
1,1,1050,32000
1,1,400,7000
2,2,1350,30000
3,3,1960,40000
1,1,800,9000
2,2,1000,15000
2,2,1100,18000
3,3,1480,25000
1,1,700,8500
3,2,1500,20000
2,2,1000,12000
2,2,900,12500
3,2,1250,25000
2,3,1100,10000
3,2,1300,18000
3,2,1275,12000
3,3,1265,13000
1,1,700,13000
2,2,1150,25000
2,2,850,9000
2,2,1285,10000
3,3,2000,15000
2,3,1000,20000
1,1,700,13500
3,2,1100,21000
2,2,1000,10000
2,2,800,10000
2,2,1400,10000
2,2,1350,24000
2,2,1100,13000
2,2,840,8000
2,2,1325,55000
5,6,3500,50000
3,3,1250,32000
3,3,1500,22000
2,2,1050,8500
3,2,1200,12000
3,3,1500,15000
1,1,100,3000
3,3,1742,52000
2,2,650,9500
3,5,2235,46000
2,2,1000,12000
2,2,175,8000
2,2,160,9000
2,2,1200,10000
2,2,1283,39000
1,1,600,9000
4,4,3455,120000
3,3,1500,25000
1,1,540,14000
1,1,500,6000
2,2,1100,15000
2,2,1350,8000
1,1,400,6000
2,2,120,10000
3,3,3050,35000
2,3,400,16000
2,2,800,14000
2,1,90,10000
1,1,500,7000
2,2,1150,8000
3,2,1700,22000
2,2,1000,12000
3,1,1100,10000
3,3,1360,15000
1,1,400,6500
2,2,1150,25000
2,2,700,12000
1,1,100,9000
2,2,800,7000
2,2,500,20000
2,2,900,9000
3,2,1500,30000
3,3,1600,15500
2,2,1300,10500
3,2,1305,16000
1,1,400,6000
2,2,600,15000
2,2,1130,21000
4,6,7000,400000
1,1,890,9000
3,3,1606,30000
1,1,650,6500
2,1,600,6000
2,2,1350,45000
2,2,1050,15000
2,3,1600,16000
3,3,1840,22000
2,2,1100,12000
2,2,800,13000
2,2,800,10000
2,2,1100,15000
3,3,2000,15000
1,1,750,9000
3,2,1650,20000
2,2,600,6500
3,4,2352,45000
3,3,2671,42000
2,2,550,12000
3,4,1700,24000
2,2,1050,16000
6,4,2400,20000
2,2,800,15000
2,2,1000,15000
2,2,1100,8000
1,1,160,6500
2,2,1230,22000
1,1,500,6200
1,1,300,9000
2,2,1156,9000
2,2,1100,15000
2,2,1250,15000
3,3,900,15000
1,1,650,6800
1,1,350,5000
2,2,1500,12000
2,2,100,12000
2,2,900,12000
2,2,990,18000
3,3,1700,25000
2,2,900,15000
3,3,1700,23000
2,2,1050,10500
3,3,1550,37000
2,2,1050,16000
3,3,1600,25000
2,2,1250,14000
2,1,700,10000
2,2,1100,12500
2,1,850,15000
3,3,1700,35000
3,3,1800,30000
1,1,520,8000
2,2,800,7000
1,1,67,5500
1,1,500,5000
2,2,1060,8500
2,1,900,8000
2,1,1650,16000
2,2,800,7500
6,7,3400,35000
3,1,1100,8000
2,2,1492,45000
3,1,1100,9000
4,3,2990,60000
3,3,2780,70000
2,2,1100,9000
2,2,90,11000
2,2,760,5800
1,1,600,9000
2,2,940,18000
3,3,1742,45000
3,3,2000,55000
1,1,800,9500
3,3,1800,35000
2,2,1350,7500
3,3,1685,25000
2,3,1250,12500
3,3,1800,22000
2,2,853,7500
3,3,2000,42000
1,1,800,8000
2,1,1200,20000
2,2,1100,19000
1,1,550,14000
4,6,4761,200000
2,2,920,18500
3,2,1400,38000
3,3,2310,67000
2,2,650,5000
1,2,700,25000
1,1,300,7000
4,2,100,10000
2,2,1050,25000
2,2,1125,11000
4,4,1600,17000
3,3,2400,47000
2,2,650,10000
1,1,1000,7500
2,2,900,10000
2,3,1250,11000
2,2,1020,21000
3,2,1270,15000
1,1,600,7500
1,1,500,6500
2,2,800,7500
3,2,1500,15000
2,2,1200,11000
3,3,1900,23000
2,2,950,11000
1,1,300,8000
2,2,1250,13000
2,2,1200,17000
2,2,1100,16000
2,2,1100,12000
2,2,1500,20000
3,2,1400,18000
3,3,1742,50000
2,2,1250,23000
1,1,650,16500
3,2,1545,25000
1,2,700,13000
2,2,1600,12000
3,3,1700,37000
2,2,920,6500
2,2,1115,13000
3,2,1000,17500
2,2,1200,15000
1,1,500,4000
3,2,1850,15000
1,2,600,9000
2,2,200,13000
3,3,1500,25000
3,3,2100,37000
3,3,1250,25000
1,1,800,13000
3,2,1450,20000
3,3,1960,37000
3,3,1965,40000
3,3,1834,45000
3,3,1834,44000
2,2,1150,15000
3,3,1800,37000
2,2,1000,12000
2,2,1200,8000
3,5,2000,30000
1,1,700,12000
1,1,400,6000
2,2,1250,9500
1,1,500,10000
3,3,1550,16000
2,2,1000,20000
2,2,1200,10000
2,2,1200,13000
2,2,1200,17000
2,2,1800,15000
2,2,1100,10000
3,2,1650,25000
3,3,225,15000
1,1,550,11000
1,1,350,7500
2,1,600,15000
1,1,500,7500
2,2,1100,11000
2,2,1205,15000
2,1,1200,9500
1,1,540,5000
3,4,1800,20000
1,1,500,8500
2,2,1200,9000
2,2,1180,15000
2,2,1000,20000
2,2,675,11500
3,2,1450,13000
1,1,100,11000
1,1,500,6000
2,2,100,15000
4,4,2300,45000
1,1,300,5000
1,1,300,6000
1,1,800,8000
2,3,1280,15000
2,2,110,10000
2,2,920,9000
2,2,2000,16000
2,2,770,16000
3,3,3200,45000
2,2,1500,12000
2,2,1100,14500
1,1,450,8000
6,6,4500,80000
2,2,1300,15000
1,1,1000,15500
2,2,900,8000
1,1,400,7500
3,3,10,15000
1,1,450,5000
2,2,1300,10000
2,2,1000,16000
2,2,1300,15000
1,1,350,6000
3,3,1560,32000
3,3,1800,22000
1,1,600,9000
2,1,350,12000
2,2,1100,16000
2,2,1100,13000
2,2,1170,20000
1,1,550,9000
2,2,1000,11000
2,2,1100,12500
4,5,3789,140000
3,3,2700,65000
3,3,2170,60000
2,2,1160,26000
2,2,800,8000
2,2,1200,14000
3,3,1422,15000
2,2,1200,15000
2,2,1200,7000
2,2,1080,16000
2,2,1050,17000
2,2,1100,18000
2,2,700,20000
2,2,1150,18000
2,2,1124,19000
1,1,650,7000
2,2,1125,10000
2,2,850,9000
2,2,1140,30000
2,2,1350,20000
1,1,600,6500
2,2,1050,9000
3,3,1100,20000
2,2,1200,8000
3,2,1450,22000
2,2,1000,17000
1,1,300,7000
6,5,4200,30000
2,2,1000,12000
3,3,2300,53000
2,2,900,11000
1,1,650,7500
1,1,850,7500
2,2,1300,12000
2,2,950,12000
1,1,150,10500
2,2,900,6000
1,1,50,4500
2,2,1200,25000
2,2,1350,13000
1,1,400,6000
2,2,800,12500
3,2,1450,26000
3,3,2405,60000
3,2,2500,35000
4,2,1000,16000
2,2,1200,12000
4,5,3250,110000
3,3,1600,20000
2,2,980,12000
3,3,1600,25000
2,2,1000,17000
1,1,40,5500
1,1,850,8000
2,2,840,17000
2,1,600,15000
1,1,650,9000
2,2,1100,16000
3,4,214,30000
3,3,1700,30000
2,2,1500,13000
2,2,600,8000
2,2,950,13000
2,1,900,7000
1,1,500,5000
3,3,1450,18000
3,2,1250,35000
3,3,1500,15000
3,3,1500,15000
2,2,855,17000
2,2,1040,25000
2,2,1350,12000
2,2,1000,15000
3,3,2000,29000
3,3,1750,35000
3,2,1500,45000
2,2,1000,15000
